Platform,Category,UserRecordType,Title,Country,ReleaseType,Publisher,Developer,Genre,CreatedAt,Ownership,PriceLoose,PriceCIB,PriceNew,YourPrice,PricePaid,PriceSold,ItemCondition,BoxCondition,ManualCondition,OtherCondition,Notes,Tags,metacritic
"SNES/Super Famicom","Systems","Owned","Analogue Super NT","United States of America","Afterlife","Missing Field","Missing Field","Missing Field","Nov 16, 2025","CIB","701","769.48","985.49","769.48","?","0.0",1.0,1.0,1.0,?,"","","Missing Field",
"SNES/Super Famicom","Games","Owned","Batman Forever","United States of America","Official","Acclaim Entertainment, Inc.","Probe Entertainment","Action","Aug 15, 2025","Loose","9.36","38.13","230.49","9.36","?","0.0",1.0,?,?,?,"","","Missing Field",
"SNES/Super Famicom","Games","Owned","Chrono Trigger","Japan","Official","Squaresoft","Squaresoft","RPG","Sep 7, 2025","CIB","11.54","41.67","379.55","41.67","?","0.0",1.0,1.0,1.0,?,"","","Missing Field",
"SNES/Super Famicom","Games","Owned","Chrono Trigger (MSU-1)","World","Hack","Squaresoft","Squaresoft","RPG","Aug 15, 2025","Loose","-1.0", "-1.0", "-1.0", "-1.0","?","0.0",1.0,?,?,?,"","","Missing Field",
"SNES/Super Famicom","Games","Owned","Chuck Rock","United States of America","Official","Sony Imagesoft","Core Design Ltd.","Adventure","Aug 15, 2025","Loose","12","45.5","144.5","12","?","0.0",1.0,?,?,?,"","","Missing Field",
"SNES/Super Famicom","Games","Owned","Claymates","United States of America","Official","Interplay Entertainment Corp.","Visual Concepts","Adventure","May 28, 2025","Loose","17.37","79.48","205.69","17.37","0.0","0.0",0.8,?,?,?,"","","Missing Field",
"SNES/Super Famicom","Games","Owned","Contra Spirits","Japan","Official","Konami","Konami","Action, Adventure, Fighting","Sep 18, 2025","Loose","33.49","134.16","197.84","33.49","?","0.0",0.6,?,?,?,"","","Missing Field",
"SNES/Super Famicom","Games","Owned","Earthbound - Quest of Hat","World","Hack","Missing Field","Missing Field","RPG","May 4, 2026","Loose","-1.0", "-1.0", "-1.0", "-1.0","0.0","0.0",1.0,?,?,?,"","","Missing Field",
"SNES/Super Famicom","Games","Owned","F-Zero","Japan","Official","Nintendo","Nintendo EAD","Racing","Sep 7, 2025","Loose","15.25","33.64","128.88","15.25","0.0","0.0",1.0,?,?,?,"","","Missing Field",
"SNES/Super Famicom","Games","Owned","F-Zero","Japan","Official","Nintendo","Nintendo EAD","Racing","Sep 7, 2025","CIB","15.25","33.64","128.88","33.64","?","0.0",1.0,1.0,1.0,?,"","","Missing Field",
"SNES/Super Famicom","Games","Owned","Final Fantasy II","United States of America","Official","Squaresoft","Squaresoft","RPG","Dec 20, 2025","Boxed","60.5","328","565.49","160","?","0.0",1.0,1.0,?,?,"","","Missing Field",
"SNES/Super Famicom","Games","Owned","Final Fantasy V","Japan","Official","Squaresoft","Squaresoft","RPG","Sep 7, 2025","Loose","9.08","25.63","80.48","9.08","0.0","0.0",1.0,?,?,?,"","","Missing Field",
"SNES/Super Famicom","Games","Owned","Final Fantasy VI","Japan","Official","Squaresoft","Squaresoft","RPG","Sep 7, 2025","CIB","10.21","30.49","154.79","30.49","?","0.0",1.0,1.0,1.0,?,"","","Missing Field",
"SNES/Super Famicom","Games","Owned","Final Fantasy: Mystic Quest","United States of America","Official","Squaresoft","Squaresoft","RPG","Aug 15, 2025","Loose","22.62","84.28","453.92","22.62","?","0.0",1.0,?,?,?,"","","Missing Field",
"SNES/Super Famicom","Games","Owned","Final Fight","Japan","Official","Capcom","Capcom","Fighting","Sep 7, 2025","Loose","13.49","39.54","236.27","13.49","0.0","0.0",1.0,?,?,?,"","","Missing Field",
"SNES/Super Famicom","Games","Owned","Final Fight 2","Japan","Official","Capcom","Capcom","Action, Fighting","Dec 12, 2025","Loose","16.62","45.15","179.42","16.62","?","0.0",?,?,?,?,"","","Missing Field",
"SNES/Super Famicom","Games","Owned","Final Fight Guy","Japan","Official","Capcom","Capcom","Fighting","Sep 7, 2025","Loose","37.45","148.35","384.5","37.45","0.0","0.0",1.0,?,?,?,"","","Missing Field",
"SNES/Super Famicom","Accessories","Owned","Game Genie","United States of America","Official","Missing Field","Missing Field","Missing Field","Jul 24, 2026","CIB+","30.5","62","200.49","62","0.0","0.0",1.0,1.0,1.0,?,"","","Missing Field",
"SNES/Super Famicom","Games","Owned","Garou Densetsu Special","Japan","Official","SNK","SNK","Fighting","Sep 7, 2025","Loose","8.48","39.09","100.5","8.48","0.0","0.0",1.0,?,?,?,"","","Missing Field",
"SNES/Super Famicom","Games","Owned","Go Go Ackman","Japan","Official","Banpresto Co., Ltd.","Aspect Co. Ltd.","Platformer","Sep 7, 2025","Loose","31.45","104","269.5","31.45","0.0","0.0",1.0,?,?,?,"","","Missing Field",
"SNES/Super Famicom","Games","Owned","Hoshi no Kirby 3","Japan","Official","Nintendo","HAL Laboratory","Platformer","Aug 15, 2025","Loose","29.48","85.48","221.5","29.48","0.0","0.0",1.0,?,?,?,"","","Missing Field",
"SNES/Super Famicom","Games","Owned","Hoshi no Kirby: Super Deluxe","Japan","Official","Nintendo","HAL Laboratory","Platformer","Aug 15, 2025","Loose","13.83","36.02","100.49","13.83","0.0","0.0",1.0,?,?,?,"","","Missing Field",
"SNES/Super Famicom","Games","Owned","Killer Instinct","United States of America","Official","Nintendo of America, Inc.","Rare, Ltd.","Fighting","May 28, 2025","Loose","18","96.41","316.42","18","0.0","0.0",0.8,?,?,?,"","","Missing Field",
"SNES/Super Famicom","Games","Owned","Kirby Bowl","Japan","Official","Nintendo","HAL Laboratory, Inc.","Adventure, Puzzle, Sports","Aug 15, 2025","Loose","10.99","35.34","220.5","10.99","0.0","0.0",1.0,?,?,?,"","","Missing Field",
"SNES/Super Famicom","Games","Owned","Mario & Wario","Japan","Official","Nintendo","Game Freak","Puzzle","Sep 7, 2025","Loose","12.68","30.38","58.51","12.68","0.0","0.0",1.0,?,?,?,"","","Missing Field",
"SNES/Super Famicom","Games","Owned","Mario No Super Picross","Japan","Official","Nintendo","Jupiter Corporation","Puzzle","Sep 7, 2025","Loose","6.5","15.59","41.57","6.5","0.0","0.0",1.0,?,?,?,"","","Missing Field",
"SNES/Super Famicom","Games","Owned","Mario Paint","Japan","Official","Nintendo","Nintendo R&D1","Education","Sep 7, 2025","Loose","8.43","45.94","116.19","8.43","0.0","0.0",1.0,?,?,?,"","","Missing Field",
"SNES/Super Famicom","Games","Owned","Pachiokun Special","Japan","Official","Coconuts Japan Entertainment Co., Ltd.","Marionette","Adventure","Sep 7, 2025","Loose","4.94","11.16","33.36","4.94","0.0","0.0",1.0,?,?,?,"","","Missing Field",
"SNES/Super Famicom","Games","Owned","Parodius Da! Shinwa kara Owarai he","Japan","Official","Konami","Konami","First-person shooter","Sep 7, 2025","Loose","28.29","91.85","192.07","28.29","0.0","0.0",1.0,?,?,?,"","","Missing Field",
"SNES/Super Famicom","Games","Owned","Pilotwings","Japan","Official","Nintendo","Nintendo","Flight Sim","Sep 7, 2025","Loose","10.82","19.5","49.5","10.82","0.0","0.0",1.0,?,?,?,"","","Missing Field",
"SNES/Super Famicom","Games","Owned","Rockman 7: Shukumei no Taiketsu!","Japan","Official","Capcom","Capcom","Action, First-person shooter, Platformer","Sep 7, 2025","Loose","22.24","73.8","376.83","22.24","0.0","0.0",1.0,?,?,?,"","","Missing Field",
"SNES/Super Famicom","Games","Owned","Rockman X","Japan","Official","Capcom","Capcom","Action, Platformer","Aug 15, 2025","Loose","17.48","97.83","294.39","17.48","0.0","0.0",1.0,?,?,?,"","","Missing Field",
"SNES/Super Famicom","Games","Owned","Rockman X2","Japan","Official","Capcom","Capcom","Action, Platformer","Aug 15, 2025","Loose","23.49","68.4","170.93","23.49","0.0","0.0",1.0,?,?,?,"","","Missing Field",
"SNES/Super Famicom","Games","Owned","Rockman X3","Japan","Official","Capcom","Minakuchi Engineering","Action, Platformer, Shoot 'em up","Sep 7, 2025","Loose","26.6","85.3","220.5","26.6","0.0","0.0",1.0,?,?,?,"","","Missing Field",
"SNES/Super Famicom","Games","Owned","Seiken Densetsu 2","Japan","Official","Squaresoft","Squaresoft","Action, RPG","Sep 7, 2025","CIB","9.8","21.49","55.5","21.49","?","0.0",1.0,1.0,1.0,?,"","","Missing Field",
"SNES/Super Famicom","Games","Owned","SimCity","United States of America","Official","Nintendo","Intelligent Systems Co., Ltd.","Management Sim, Sandbox","May 28, 2025","Loose","14.59","41","175.5","14.59","0.0","0.0",0.8,?,?,?,"","","Missing Field",
"SNES/Super Famicom","Games","Owned","SimCity 2000","Japan","Official","Imagineer","HAL Laboratory","Management Sim, Strategy","Sep 7, 2025","CIB","8.47","21.45","54.5","21.45","?","0.0",1.0,1.0,1.0,?,"","","Missing Field",
"SNES/Super Famicom","Games","Owned","Star Fox","Japan","Official","Nintendo","Argonaut Games, Nintendo EAD","Action, First-person shooter","Aug 15, 2025","Loose","11.61","29.62","200.5","11.61","0.0","0.0",1.0,?,?,?,"","","Missing Field",
"SNES/Super Famicom","Games","Owned","Street Fighter II","Japan","Official","Capcom","Capcom","Fighting","Aug 15, 2025","Loose","9.69","28.49","225.59","9.69","?","0.0",1.0,?,?,?,"","","Missing Field",
"SNES/Super Famicom","Games","Owned","Street Fighter II Turbo","Japan","Official","Capcom","Capcom","Fighting","Sep 7, 2025","Loose","9.23","33.07","75.48","9.23","0.0","0.0",1.0,?,?,?,"","","Missing Field",
"SNES/Super Famicom","Games","Owned","Street Fighter II Turbo","Japan","Official","Capcom","Capcom","Fighting","Dec 12, 2025","Loose","9.23","33.07","75.48","9.23","?","0.0",?,?,?,?,"","","Missing Field",
"SNES/Super Famicom","Games","Owned","Super Bomberman","Japan","Official","Missing Field","Produce","Action, Strategy","Sep 7, 2025","Loose","9.49","21.64","116.35","9.49","0.0","0.0",1.0,?,?,?,"","","Missing Field",
"SNES/Super Famicom","Games","Owned","Super Bomberman 2","Japan","Official","Missing Field","Produce","Action, Strategy","Sep 7, 2025","Loose","9.56","31.42","80.5","9.56","0.0","0.0",1.0,?,?,?,"","","Missing Field",
"SNES/Super Famicom","Games","Owned","Super Castlevania IV","United States of America","Official","Konami","Konami","Action, Platformer, Horror","Jun 10, 2025","Loose","60.49","182.59","579.11","60.49","?","0.0",0.90000004,?,?,?,"","","Missing Field",
"SNES/Super Famicom","Games","Owned","Super Donkey Kong","Japan","Official","Nintendo","Rare, Ltd.","Platformer","Sep 7, 2025","Loose","7.04","20.48","201.29","7.04","0.0","0.0",1.0,?,?,?,"","","Missing Field",
"SNES/Super Famicom","Games","Owned","Super Donkey Kong 2: Dixie & Diddy","Japan","Official","Nintendo","Rare, Ltd.","Platformer","Aug 15, 2025","Loose","10.05","19.48","153.8","10.05","0.0","0.0",1.0,?,?,?,"","","Missing Field",
"SNES/Super Famicom","Games","Owned","Super Donkey Kong 3: Mysterious Kremis Islands","Japan","Official","Nintendo","Rare, Ltd.","Action, Adventure, Platformer","Aug 15, 2025","Loose","9.44","20.48","84.07","9.44","0.0","0.0",1.0,?,?,?,"","","Missing Field",
"SNES/Super Famicom","Games","Owned","Super Fire Pro Wrestling III: Easy Type","Japan","Official","Human Entertainment, Inc.","Human","Sports","Sep 7, 2025","Loose","8.86","25.45","65.5","8.86","0.0","0.0",1.0,?,?,?,"","","Missing Field",
"SNES/Super Famicom","Games","Owned","Super Genjin","Japan","Official","Hudson Entertainment, Inc.","Hudson Soft","Platformer","Sep 7, 2025","Loose","20.48","57.52","110.49","20.48","0.0","0.0",1.0,?,?,?,"","","Missing Field",
"SNES/Super Famicom","Games","Owned","Super Mario Collection","Japan","Official","Nintendo","Nintendo EAD","Platformer","Sep 7, 2025","Loose","13.25","38.5","298.5","13.25","0.0","0.0",1.0,?,?,?,"","","Missing Field",
"SNES/Super Famicom","Games","Owned","Super Mario Collection","Japan","Official","Nintendo","Nintendo EAD","Platformer","Sep 7, 2025","CIB","13.25","38.5","298.5","38.5","?","0.0",1.0,1.0,1.0,?,"","","Missing Field",
"SNES/Super Famicom","Games","Owned","Super Mario Kart","Japan","Official","Nintendo","Nintendo EAD","Racing","Sep 7, 2025","Loose","10.91","28.54","149.43","10.91","0.0","0.0",1.0,?,?,?,"","","Missing Field",
"SNES/Super Famicom","Games","Owned","Super Mario Kart","Japan","Official","Nintendo","Nintendo EAD","Racing","Sep 7, 2025","CIB","10.91","28.54","149.43","28.54","?","0.0",1.0,1.0,1.0,?,"","","Missing Field",
"SNES/Super Famicom","Games","Owned","Super Mario World","Japan","Official","Nintendo","Nintendo EAD","Platformer","Sep 7, 2025","Loose","11.97","38.13","207.96","11.97","0.0","0.0",1.0,?,?,?,"","","Missing Field",
"SNES/Super Famicom","Games","Owned","Super Mario World","Japan","Official","Nintendo","Nintendo EAD","Platformer","Dec 12, 2025","Loose","11.97","38.13","207.96","11.97","?","0.0",1.0,?,?,?,"","","Missing Field",
"SNES/Super Famicom","Games","Owned","Super Mario World 2: Yoshi's Island","United States of America","Official","Nintendo of America, Inc.","Nintendo EAD","Platformer","Jun 10, 2025","Loose","40.5","150.49","1,127.15","40.5","0.0","0.0",1.0,?,?,?,"","","Missing Field",
"SNES/Super Famicom","Games","Owned","Super Mario: Yossy Island","Japan","Official","Nintendo","Nintendo EAD","Platformer","Sep 7, 2025","Loose","13.59","29.25","195.67","13.59","0.0","0.0",1.0,?,?,?,"","","Missing Field",
"SNES/Super Famicom","Games","Owned","Super Metroid","United States of America","Official","Nintendo of America, Inc.","Intelligent Systems Co., Ltd., Nintendo R&D1","Action, Adventure, Platformer","Aug 15, 2025","Loose","91.6","330.5","3,440.48","91.6","?","0.0",1.0,?,?,?,"","","Missing Field",
"SNES/Super Famicom","Games","Owned","Super Momotarou Dentetsu III","Japan","Official","Missing Field","Missing Field","Puzzle, Strategy","Sep 7, 2025","Loose","3.02","11.19","28.5","3.02","0.0","0.0",1.0,?,?,?,"","","Missing Field",
"SNES/Super Famicom","Games","Owned","Super Punch-Out!!","United States of America","Official","Nintendo of America, Inc.","Nintendo R&D3","Fighting, Sports","Jun 10, 2025","Loose","35.5","144.88","885.5","35.5","0.0","0.0",1.0,?,?,?,"","","Missing Field",
"SNES/Super Famicom","Games","Owned","Super Puyo Puyo","Japan","Official","Compile","Banpresto Co., Ltd.","Puzzle","Aug 15, 2025","Loose","3.53","15.49","39.5","3.53","0.0","0.0",1.0,?,?,?,"","","Missing Field",
"SNES/Super Famicom","Games","Owned","Super Puyo Puyo Tsuu Remix","Japan","Official","Compile","Compile","Puzzle","Sep 7, 2025","Loose","9.44","20.99","53.5","9.44","0.0","0.0",1.0,?,?,?,"","","Missing Field",
"SNES/Super Famicom","Games","Owned","Super Wagyan Land","Japan","Official","Namco","Nova Co., Ltd.","Action","Sep 7, 2025","Loose","7.44","18.48","47.5","7.44","0.0","0.0",1.0,?,?,?,"","","Missing Field",
"SNES/Super Famicom","Games","Owned","Super Wagyan Land 2","Japan","Official","Namco","Nova Co., Ltd.","Action","Sep 7, 2025","Loose","7.79","24.29","62.5","7.79","0.0","0.0",1.0,?,?,?,"","","Missing Field",
"SNES/Super Famicom","Games","Owned","Terranigma","Spain","Official","Enix, Nintendo","Quintet","Action, RPG","Jun 13, 2026","CIB+","-1.0", "-1.0", "-1.0", "-1.0","0.0","0.0",1.0,1.0,1.0,?,"","","Missing Field",
"SNES/Super Famicom","Games","Owned","Jungle Book","United States of America","Official","Virgin Interactive Entertainment","Eurocom Entertainment Software","Platformer","Aug 15, 2025","Loose","7.2","40.45","100.45","7.2","?","0.0",1.0,?,?,?,"","","Missing Field",
"SNES/Super Famicom","Games","Owned","Legend of Zelda: A Link to the Past","United States of America","Official","Nintendo of America, Inc.","Nintendo EAD","Action, Adventure","May 27, 2025","Loose","40.77","241.56","800.48","40.77","?","0.0",1.0,?,?,?,"","","Missing Field",
"SNES/Super Famicom","Games","Owned","Lion King","Japan","Official","Missing Field","Virgin Games, Ltd.","Action, Platformer","Aug 15, 2025","Loose","18.84","99.46","229.41","18.84","0.0","0.0",1.0,?,?,?,"","","Missing Field",
"SNES/Super Famicom","Games","Owned","Yoshi's Safari","United States of America","Official","Nintendo","Nintendo","First-person shooter","May 28, 2025","Loose","15.98","64.24","163.27","15.98","?","0.0",0.8,?,?,?,"","","Missing Field",
"SNES/Super Famicom","Games","Owned","Ys III: Wanderers from Ys","United States of America","Official","Sammy Corporation","Nihon Falcom Corp.","RPG","Aug 15, 2025","Loose","24.99","102.74","327.5","24.99","?","0.0",?,?,?,?,"","","Missing Field",
"SNES/Super Famicom","Games","Owned","Yuu Yuu Hakusho","Japan","Official","Namco","Namco","Action, Fighting","Sep 7, 2025","Loose","9.99","26.49","40.5","9.99","0.0","0.0",1.0,?,?,?,"","","Missing Field",
"SNES/Super Famicom","Games","Owned","Zelda no Densetsu: Kamigami no Triforce","Japan","Official","Nintendo","Nintendo EAD","Action, Adventure","Sep 7, 2025","Loose","23.99","69.55","308","23.99","0.0","0.0",1.0,?,?,?,"","","Missing Field",
"SNES/Super Famicom","Games","Owned","Zoop","United States of America","Official","Viacom New Media","Hookstone Ltd.","Puzzle","May 28, 2025","Loose","7.49","22.07","50.5","7.49","0.0","0.0",0.8,?,?,?,"","","Missing Field",
"Atari 2600","Games","Owned","Adventure","United States of America","Official","Atari, Inc.","Atari","Action, Adventure","May 27, 2025","Loose","13.51","60.49","599.5","13.51","0.0","0.0",?,?,?,?,"","","Missing Field",
"Atari 2600","Games","Owned","Air Raiders","United States of America","Official","Mattel Electronics","M Network","First-person shooter","May 27, 2025","Loose","8.47","18.48","25.09","8.47","0.0","0.0",?,?,?,?,"","","Missing Field",
"Atari 2600","Games","Owned","Air-Sea Battle","United States of America","Official","Atari, Inc.","Atari","Action, Shoot 'em up","May 27, 2025","Loose","6.02","16.45","27.97","6.02","0.0","0.0",?,?,?,?,"","","Missing Field",
"Atari 2600","Games","Owned","Asteroids","United States of America","Official","Atari, Inc.","Atari","Action, First-person shooter","Aug 15, 2025","Loose","7.54","15.5","25.37","7.54","0.0","0.0",0.8,?,?,?,"","","Missing Field",
"Atari 2600","Systems","Owned","Atari 2600 System","United States of America","Official","Atari","Atari, Inc.","Missing Field","May 11, 2026","Loose","65.5","149.28","212.9","65.5","0.0","0.0",0.8,?,?,?,"","","Missing Field",
"Atari 2600","Games","Owned","Boxing","United States of America","Official","Activision","Activision","Fighting, Sports","Aug 15, 2025","Loose","7.49","18.98","45","7.49","0.0","0.0",0.8,?,?,?,"","","Missing Field",
"Atari 2600","Games","Owned","Carnival","United States of America","Official","Coleco","Sega","First-person shooter","Aug 15, 2025","Loose","6.69","19.07","40.35","6.69","0.0","0.0",0.8,?,?,?,"","","Missing Field",
"Atari 2600","Games","Owned","Centipede","United States of America","Official","Atari, Inc.","General Computer Corporation","Action, First-person shooter","May 27, 2025","Loose","8.48","17.01","35.49","8.48","0.0","0.0",?,?,?,?,"","","Missing Field",
"Atari 2600","Games","Owned","Chopper Command","United States of America","Official","Activision","Activision","First-person shooter","Aug 15, 2025","Loose","9.23","23.99","105.33","9.23","0.0","0.0",0.8,?,?,?,"","","Missing Field",
"Atari 2600","Games","Owned","Combat","United States of America","Official","Atari, Inc.","Atari","Action, First-person shooter","May 27, 2025","Loose","8.23","15.32","48","8.23","0.0","0.0",?,?,?,?,"","","Missing Field",
"Atari 2600","Games","Owned","Combat","United States of America","Official","Atari, Inc.","Atari","Action, First-person shooter","Aug 15, 2025","Loose","8.23","15.32","48","8.23","0.0","0.0",0.8,?,?,?,"","","Missing Field",
"Atari 2600","Games","Owned","Combat","United States of America","Official","Atari, Inc.","Atari","Action, First-person shooter","Aug 15, 2025","Loose","8.23","15.32","48","8.23","0.0","0.0",0.8,?,?,?,"","","Missing Field",
"Atari 2600","Games","Owned","Congo Bongo","United States of America","Official","Sega","Sega","Platformer","Aug 15, 2025","Loose","13.93","38","39.49","13.93","0.0","0.0",0.8,?,?,?,"","","Missing Field",
"Atari 2600","Games","Owned","Dark Cavern","United States of America","Official","M Network","M Network","Action","Aug 15, 2025","Loose","8.33","16.64","34.63","8.33","0.0","0.0",0.8,?,?,?,"","","Missing Field",
"Atari 2600","Games","Owned","Demons To Diamonds","United States of America","Official","Atari, Inc.","Atari","First-person shooter","Aug 15, 2025","Loose","6.76","13.05","27.5","6.76","0.0","0.0",0.8,?,?,?,"","","Missing Field",
"Atari 2600","Games","Owned","Dodge 'Em","United States of America","Official","Atari, Inc.","Atari","Action, Racing","Aug 15, 2025","Loose","5.21","16.98","113","5.21","0.0","0.0",0.8,?,?,?,"","","Missing Field",
"Atari 2600","Games","Owned","Donkey Kong","United States of America","Official","Atari, Inc.","Coleco, Nintendo R&D1","Platformer","Aug 15, 2025","Loose","9.83","26.98","122.96","9.83","0.0","0.0",0.8,?,?,?,"","","Missing Field",
"Atari 2600","Games","Owned","E.T. The Extra-Terrestrial","United States of America","Official","Atari, Inc.","Atari","Adventure","Aug 15, 2025","Loose","9.55","35.5","50.5","9.55","0.0","0.0",0.8,?,?,?,"","","Missing Field",
"Atari 2600","Games","Owned","Fantastic Voyage","United States of America","Official","20th Century Fox","Sirius Software, Inc.","Action","Aug 15, 2025","Loose","16.49","45.75","60.3","16.49","0.0","0.0",0.8,?,?,?,"","","Missing Field",
"Atari 2600","Games","Owned","Fire Fighter","United States of America","Official","Imagic","Imagic","Action","Aug 15, 2025","Loose","6.77","22.06","26.32","6.77","0.0","0.0",0.8,?,?,?,"","","Missing Field",
"Atari 2600","Games","Owned","Frogger","United States of America","Official","Parker Brothers","Parker Brothers","Strategy","Aug 15, 2025","Loose","11.49","24.48","186.95","11.49","0.0","0.0",0.8,?,?,?,"","","Missing Field",
"Atari 2600","Games","Owned","Gorf","United States of America","Official","CBS Electronics","Midway","First-person shooter","Aug 15, 2025","Loose","7.95","22.56","60.5","7.95","0.0","0.0",0.8,?,?,?,"","","Missing Field",
"Atari 2600","Games","Owned","Gyruss","United States of America","Official","Parker Brothers","Parker Brothers","First-person shooter","Aug 15, 2025","Loose","26.49","88.99","255.5","26.49","0.0","0.0",0.8,?,?,?,"","","Missing Field",
"Atari 2600","Games","Owned","Hangman","United States of America","Official","Atari, Inc.","Alan Miller","Education","Aug 15, 2025","Loose","5.49","22.38","57.5","5.49","0.0","0.0",0.8,?,?,?,"","","Missing Field",
"Atari 2600","Games","Owned","Haunted House","United States of America","Official","Atari, Inc.","Atari","Action, Adventure","Aug 15, 2025","Loose","6.49","24.04","60.5","6.49","0.0","0.0",0.8,?,?,?,"","","Missing Field",
"Atari 2600","Games","Owned","Infiltrate","United States of America","Official","Apollo, Inc.","Apollo, Inc.","Action","Aug 15, 2025","Loose","8.59","25.22","57.5","8.59","0.0","0.0",0.8,?,?,?,"","","Missing Field",
"Atari 2600","Games","Owned","Laser Blast","United States of America","Official","Activision","Activision","First-person shooter","Aug 15, 2025","Loose","6","21.21","31.5","6","0.0","0.0",0.8,?,?,?,"","","Missing Field",
"Atari 2600","Games","Owned","Megamania","United States of America","Official","Activision","Activision","First-person shooter","Aug 15, 2025","Loose","9.51","26.85","71.4","9.51","0.0","0.0",0.8,?,?,?,"","","Missing Field",
"Atari 2600","Games","Owned","Midnight Magic","United States of America","Official","Atari, Inc.","Atari","Action","Aug 15, 2025","Loose","10.43","19.5","24.02","10.43","0.0","0.0",0.8,?,?,?,"","","Missing Field",
"Atari 2600","Games","Owned","Miniature Golf","United States of America","Official","Atari, Inc.","Atari","Sports","Aug 15, 2025","Loose","7.49","18.73","27.5","7.49","0.0","0.0",0.8,?,?,?,"","","Missing Field",
"Atari 2600","Games","Owned","Missile Command","United States of America","Official","Atari, Inc.","Atari","Action, Shoot 'em up","Aug 15, 2025","Loose","7.08","15.49","36.5","7.08","0.0","0.0",0.8,?,?,?,"","","Missing Field",
"Atari 2600","Games","Owned","Moonsweeper","United States of America","Official","Imagic","Imagic","Action","Aug 15, 2025","Loose","11.5","45.5","80.5","11.5","0.0","0.0",0.8,?,?,?,"","","Missing Field",
"Atari 2600","Games","Owned","Mr. Do!","United States of America","Official","Coleco","Coleco","Action","Aug 15, 2025","Loose","20.73","65.5","98.5","20.73","0.0","0.0",0.8,?,?,?,"","","Missing Field",
"Atari 2600","Games","Owned","Ms. Pac-Man","United States of America","Official","Atari, Inc.","General Computer Corporation","Action","Aug 15, 2025","Loose","8.99","21.06","33.5","8.99","0.0","0.0",0.8,?,?,?,"","","Missing Field",
"Atari 2600","Games","Owned","Outlaw","United States of America","Official","Sears, Roebuck and Co.","Atari","First-person shooter","Aug 15, 2025","Loose","6.9","13.74","41.25","6.9","0.0","0.0",0.8,?,?,?,"","","Missing Field",
"Atari 2600","Games","Owned","Outlaw","United States of America","Official","Sears, Roebuck and Co.","Atari","First-person shooter","Aug 15, 2025","Loose","6.9","13.74","41.25","6.9","0.0","0.0",0.8,?,?,?,"","","Missing Field",
"Atari 2600","Games","Owned","Pac-Man","United States of America","Official","Atari, Inc.","Atari","Puzzle","May 27, 2025","Loose","8.96","18.48","71.5","8.96","0.0","0.0",?,?,?,?,"","","Missing Field",
"Atari 2600","Games","Owned","Pac-Man","United States of America","Official","Atari, Inc.","Atari","Puzzle","Aug 15, 2025","Loose","8.96","18.48","71.5","8.96","0.0","0.0",0.8,?,?,?,"","","Missing Field",
"Atari 2600","Games","Owned","Pac-Man","United States of America","Official","Atari, Inc.","Atari","Puzzle","Aug 15, 2025","Loose","8.96","18.48","71.5","8.96","0.0","0.0",0.8,?,?,?,"","","Missing Field",
"Atari 2600","Games","Owned","Pitfall","Germany","Official","Atari Games","Missing Field","Platformer","Aug 15, 2025","Loose","-1.0", "-1.0", "-1.0", "-1.0","0.0","0.0",0.8,?,?,?,"","","Missing Field",
"Atari 2600","Games","Owned","Popeye","United States of America","Official","Parker Brothers","Parker Brothers","Platformer","Aug 15, 2025","Loose","11","24.5","93","11","0.0","0.0",0.8,?,?,?,"","","Missing Field",
"Atari 2600","Games","Owned","Q*bert","United States of America","Official","Atari, Inc.","Parker Brothers","Puzzle, Platformer","Aug 15, 2025","Loose","9.56","23.3","35.49","9.56","0.0","0.0",0.8,?,?,?,"","","Missing Field",
"Atari 2600","Games","Owned","River Raid","United States of America","Official","Activision","Activision","Action, First-person shooter","Aug 15, 2025","Loose","11.5","30.5","45.5","11.5","0.0","0.0",0.8,?,?,?,"","","Missing Field",
"Atari 2600","Games","Owned","Robot Tank","United States of America","Official","Activision","Activision","First-person shooter","Aug 15, 2025","Loose","9.03","29.5","37.76","9.03","0.0","0.0",0.8,?,?,?,"","","Missing Field",
"Atari 2600","Games","Owned","Sneak 'N Peek","United States of America","Official","U.S. Games","U.S. Games","Puzzle","Aug 15, 2025","Loose","5.55","25.18","37.5","5.55","0.0","0.0",0.8,?,?,?,"","","Missing Field",
"Atari 2600","Games","Owned","Space Invaders","United States of America","Official","Atari, Inc.","Atari","Shoot 'em up","Aug 15, 2025","Loose","8.69","21.42","86.03","8.69","0.0","0.0",0.8,?,?,?,"","","Missing Field",
"Atari 2600","Games","Owned","Spider Fighter","United States of America","Official","Activision","Activision","Action, First-person shooter","May 27, 2025","Loose","7.49","21.78","57","7.49","0.0","0.0",?,?,?,?,"","","Missing Field",
"Atari 2600","Games","Owned","Spider-Man","United States of America","Official","Parker Brothers","Parker Brothers","Action","Aug 15, 2025","Loose","11.47","41.74","308.56","11.47","0.0","0.0",0.8,?,?,?,"","","Missing Field",
"Atari 2600","Games","Owned","Star Wars: Jedi Arena","United States of America","Official","Parker Brothers","Parker Brothers","Action","Aug 15, 2025","Loose","11.98","36.94","84.25","11.98","0.0","0.0",0.8,?,?,?,"","","Missing Field",
"Atari 2600","Games","Owned","Superman","United States of America","Official","Atari, Inc.","Atari","Action","Aug 15, 2025","Loose","9.49","45.5","639.02","9.49","0.0","0.0",0.8,?,?,?,"","","Missing Field",
"Atari 2600","Games","Owned","Wizard of Wor","United States of America","Official","CBS Electronics","Midway","Puzzle, First-person shooter","Aug 15, 2025","Loose","10.53","32.42","36.5","10.53","0.0","0.0",0.8,?,?,?,"","","Missing Field",
"Atari 2600","Games","Owned","Word Zapper","United States of America","Official","U.S. Games","U.S. Games","Action","Aug 15, 2025","Loose","5.88","18.5","27.5","5.88","0.0","0.0",0.8,?,?,?,"","","Missing Field",
"Atari 2600","Games","Owned","Yars' Revenge","United States of America","Official","Atari, Inc.","Atari","Action, Shoot 'em up","Aug 15, 2025","Loose","6.32","24.22","50.5","6.32","0.0","0.0",0.8,?,?,?,"","","Missing Field",
"Nintendo 64","Games","Owned","1080° Snowboarding","United States of America","Official","Nintendo","Nintendo EAD","Sports","May 27, 2025","Loose","15.5","55.49","454.11","15.5","0.0","0.0",?,?,?,?,"","","Missing Field",
"Nintendo 64","Games","Owned","Banjo-Kazooie","United States of America","Official","Nintendo of America, Inc.","Rare, Ltd.","Action, Adventure, Puzzle, Platformer","May 27, 2025","Loose","33.38","135.47","2,031.69","33.38","0.0","0.0",?,?,?,?,"","","92",
"Nintendo 64","Games","Owned","Banjo-Tooie","United States of America","Official","Nintendo of America, Inc.","Rare, Ltd.","Action, Adventure, Puzzle, Platformer","May 27, 2025","Loose","40.28","128.2","490.5","40.28","0.0","0.0",?,?,?,?,"","","90",
"Nintendo 64","Games","Owned","Blues Brothers 2000","United States of America","Official","Titus Interactive, S.A..","Player 1","Platformer, Music","May 27, 2025","Loose","35.5","159.3","240.48","35.5","0.0","0.0",?,?,?,?,"","","32",
"Nintendo 64","Games","Owned","ClayFighter 63 1/3","United States of America","Official","Interplay Entertainment Corp.","Interplay Entertainment Corp.","Fighting","May 27, 2025","Loose","31.96","140.44","358.77","31.96","0.0","0.0",?,?,?,?,"","","Missing Field",
"Nintendo 64","Games","Owned","Diddy Kong Racing","United States of America","Official","Rare, Ltd.","Rare, Ltd.","Racing","May 27, 2025","Loose","30.49","106.81","416.72","30.49","0.0","0.0",?,?,?,?,"","","88",
"Nintendo 64","Games","Owned","Gex 64: Enter the Gecko","United States of America","Official","Midway Games","Realtime Associates, Inc.","Platformer","May 27, 2025","Loose","18.48","70.5","160.5","18.48","0.0","0.0",?,?,?,?,"","","Missing Field",
"Nintendo 64","Games","Owned","Glover","United States of America","Official","Hasbro Interactive, Inc.","Interactive Studios","Platformer","May 27, 2025","Loose","16.73","64.84","104.48","16.73","0.0","0.0",?,?,?,?,"","","Missing Field",
"Nintendo 64","Games","Owned","GoldenEye 007","United States of America","Official","Nintendo of America, Inc.","Rare, Ltd.","Action, First-person shooter, Stealth","Aug 15, 2025","Loose","29.49","84.43","344.5","29.49","?","0.0",1.0,?,?,?,"","","96",
"Nintendo 64","Games","Owned","Lode Runner 3-D","United States of America","Official","Infogrames Entertainment","Big Bang","Platformer","Aug 15, 2025","Loose","16.47","49.43","98.7","16.47","?","0.0",1.0,?,?,?,"","","Missing Field",
"Nintendo 64","Games","Owned","Mario Kart 64","United States of America","Official","Nintendo of America, Inc.","Nintendo EAD","Racing","May 27, 2025","Loose","40.49","112.8","1,000.5","40.49","0.0","0.0",?,?,?,?,"","","83",
"Nintendo 64","Games","Owned","Mario Party 2","Japan","Official","Nintendo","Hudson Soft","Adventure, Puzzle","Sep 7, 2025","Loose","8.89","20.5","154.5","8.89","0.0","0.0",1.0,?,?,?,"","","Missing Field",
"Nintendo 64","Games","Owned","Mario Party 3","Japan","Official","Nintendo","Hudson Soft","Action, Adventure, Strategy, Sports","Sep 7, 2025","Loose","8.34","20.91","179.66","8.34","0.0","0.0",1.0,?,?,?,"","","74",
"Nintendo 64","Games","Owned","Mario Tennis","United States of America","Official","Nintendo","Nintendo","Sports","Sep 7, 2025","Loose","30.45","85.5","750.49","30.45","0.0","0.0",1.0,?,?,?,"","","91",
"Nintendo 64","Games","Owned","NFL Quarterback Club 99","United States of America","Official","Acclaim Entertainment, Inc.","Acclaim","Sports","Aug 15, 2025","Loose","6.2","16","57.5","6.2","?","0.0",0.8,?,?,?,"","","Missing Field",
"Nintendo 64","Accessories","Owned","Nintendo 64 Controller Pak","United Kingdom","Official","Missing Field","Missing Field","Missing Field","May 28, 2025","Loose","13.28","32.45","89.96","13.28","0.0","0.0",0.8,?,?,?,"","","Missing Field",
"Nintendo 64","Systems","Owned","Nintendo 64 System","United States of America","Official","Nintendo","Nintendo","Missing Field","May 28, 2025","Loose","94.02","308.68","1,500.49","94.02","0.0","0.0",0.8,?,?,?,"","","Missing Field",
"Nintendo 64","Games","Owned","Pokémon Stadium Gold and Silver","Japan","Official","Nintendo","HAL Laboratory, Nintendo","Strategy","Sep 7, 2025","Loose","9","30.49","61.79","9","?","0.0",0.90000004,?,?,?,"","","Missing Field",
"Nintendo 64","Games","Owned","Rayman 2: The Great Escape","United States of America","Official","Ubisoft Entertainment","Ubisoft","Platformer","Aug 15, 2025","Loose","27.62","108.52","243.55","27.62","?","0.0",1.0,?,?,?,"","","90",
"Nintendo 64","Games","Owned","Rocket: Robot on Wheels","United States of America","Official","Ubisoft Entertainment","Sucker Punch","Platformer","Oct 13, 2025","Loose","89.02","271.24","737.63","89.02","?","0.0",1.0,?,?,?,"","","Missing Field",
"Nintendo 64","Games","Owned","San Francisco Rush","United Kingdom","Official","Midway Games","Midway Games","Racing","Aug 15, 2025","Loose","11.28","30.13","80.5","11.28","?","0.0",1.0,?,?,?,"","","Missing Field",
"Nintendo 64","Games","Owned","Star Fox 64","United States of America","Official","Nintendo of America, Inc.","Nintendo EAD","Action, Adventure, Shoot 'em up","May 27, 2025","Loose","27.49","142.93","1,434.53","27.49","0.0","0.0",?,?,?,?,"","","88",
"Nintendo 64","Games","Owned","Star Fox 64","Japan","Official","Nintendo","Nintendo EAD","Action, First-person shooter, Flight Sim","Sep 7, 2025","Loose","15.18","37.59","83.92","15.18","0.0","0.0",1.0,?,?,?,"","","88",
"Nintendo 64","Games","Owned","Star Wars Episode I: Racer","United States of America","Official","Nintendo","LucasArts Entertainment Company LLC","Racing","Aug 15, 2025","Loose","10.98","39.5","95.5","10.98","?","0.0",1.0,?,?,?,"","","Missing Field",
"Nintendo 64","Games","Owned","Star Wars: Shadows of the Empire","United States of America","Official","Nintendo","LucasArts Entertainment Company LLC","Action","Aug 15, 2025","Loose","15.65","59","76.98","15.65","?","0.0",0.8,?,?,?,"","","Missing Field",
"Nintendo 64","Games","Owned","Super Mario 64","United States of America","Official","Nintendo of America, Inc.","Nintendo EAD","Action, Adventure, Puzzle, Platformer","May 27, 2025","Loose","40.5","145","1,774.24","40.5","0.0","0.0",?,?,?,?,"","","94",
"Nintendo 64","Games","Owned","Super Smash Bros.","Japan","Official","Nintendo","HAL Laboratory, Inc.","Action, Fighting","Sep 7, 2025","Loose","11.47","50.47","250","11.47","?","0.0",1.0,?,?,?,"","","79",
"Nintendo 64","Games","Owned","Tony Hawk's Pro Skater","United States of America","Official","Activision","Edge of Reality Inc.","Sports","May 27, 2025","Loose","15.63","45.99","362.06","15.63","0.0","0.0",?,?,?,?,"","","Missing Field",
"Nintendo 64","Games","Owned","Tony Hawk's Pro Skater 2","United States of America","Official","Activision","Edge of Reality Inc.","Sports","May 27, 2025","Loose","24.75","67.98","449.5","24.75","0.0","0.0",?,?,?,?,"","","84",
"Nintendo 64","Games","Owned","Tony Hawk's Pro Skater 3","United States of America","Official","Activision","Edge of Reality Inc.","Sports","May 27, 2025","Loose","67.05","159.31","260.5","67.05","0.0","0.0",?,?,?,?,"","","Missing Field",
"Nintendo 64","Games","Owned","WWF War Zone","United States of America","Official","Acclaim Entertainment, Inc.","Iguana Entertainment","Fighting","May 27, 2025","Loose","9.3","26.74","129","9.3","?","0.0",?,?,?,?,"","","Missing Field",
"NES/Famicom","Games","Owned","Akumajou Special: Boku Dracula-kun","Japan","Official","Konami","Konami","Action, Platformer","Sep 8, 2025","Loose","26","126.13","402.5","26","?","0.0",1.0,?,?,?,"","","Missing Field",
"NES/Famicom","Games","Owned","Castlevania II: Simon's Quest","United States of America","Official","Konami","Konami","Action, Adventure, RPG, Platformer, Horror","Aug 11, 2025","Loose","18.14","90.5","619.66","18.14","?","0.0",1.0,?,?,?,"","","Missing Field",
"NES/Famicom","Games","Owned","Dr. Mario","Japan","Official","Nintendo","Nintendo R&D1","Puzzle","Sep 8, 2025","Loose","9.02","25.34","79.5","9.02","0.0","0.0",1.0,?,?,?,"","","Missing Field",
"NES/Famicom","Games","Owned","GeGeGe no Kitaro - Yokai Daimakyo","Japan","Official","Bandai Co., Ltd.","Tose Co., Ltd.","Action","Sep 8, 2025","Loose","7.29","18.5","58.5","7.29","?","0.0",1.0,?,?,?,"","","Missing Field",
"NES/Famicom","Games","Owned","Hoshi no Kirby: Yume no Izumi no Monogatari","Japan","Official","Nintendo","HAL Laboratory, Inc.","Platformer","Sep 8, 2025","Loose","17.94","40.5","128.5","17.94","?","0.0",1.0,?,?,?,"","","Missing Field",
"NES/Famicom","Games","Owned","Image Fight","Japan","Official","IREM","Lenar","First-person shooter","Aug 15, 2025","Loose","14.06","26.49","65.5","14.06","?","0.0",?,?,?,?,"","","Missing Field",
"NES/Famicom","Games","Owned","Mahjong","Japan","Official","Nintendo","Nintendo","Sports","Sep 8, 2025","Loose","6.14","40.49","78.38","6.14","?","0.0",1.0,?,?,?,"","","Missing Field",
"NES/Famicom","Games","Owned","Mario Bros","Japan","Official","Nintendo","Nintendo R&D2","Platformer","Sep 8, 2025","Loose","19.48","75.78","405.5","19.48","0.0","0.0",1.0,?,?,?,"","","Missing Field",
"NES/Famicom","Games","Owned","Mario Open Golf","Japan","Official","Nintendo","Missing Field","Sandbox","Sep 7, 2025","CIB","9.02","24.49","77.5","24.49","?","0.0",1.0,1.0,1.0,?,"","","Missing Field",
"NES/Famicom","Games","Owned","Mendel Palace","United States of America","Official","Hudson Entertainment, Inc.","Game Freak","Action","May 28, 2025","Loose","19.5","56","222.5","19.5","0.0","0.0",0.8,?,?,?,"","","Missing Field",
"NES/Famicom","Games","Owned","Metroid","United States of America","Official","Nintendo of America, Inc.","Intelligent Systems Co., Ltd., Nintendo R&D1","Action, Adventure, Platformer","Jun 10, 2025","Loose","26.82","191.84","1,447.06","26.82","?","0.0",1.0,?,?,?,"","","Missing Field",
"NES/Famicom","Games","Owned","Namco Classic","Japan","Official","Namco","Tose Co., Ltd.","Sports","Sep 8, 2025","Loose","7.32","14.62","45.5","7.32","0.0","0.0",1.0,?,?,?,"","","Missing Field",
"NES/Famicom","Systems","Owned","Nintendo NES","United States of America","Official","Nintendo","Nintendo","Missing Field","Jan 30, 2026","Loose","95.12","262.89","1,099.5","95.12","?","0.0",1.0,?,?,?,"","","Missing Field",
"NES/Famicom","Games","Owned","Pocket Zaurus Juu Ouken no Nazo","Japan","Official","Bandai Co., Ltd.","Bandai Co., Ltd.","Action","Sep 8, 2025","Loose","9.44","40.19","127.5","9.44","?","0.0",1.0,?,?,?,"","","Missing Field",
"NES/Famicom","Games","Owned","Rockman 2","Japan","Official","Capcom","Capcom","Action, Platformer","Sep 8, 2025","Loose","25.49","239.96","766.5","25.49","0.0","0.0",1.0,?,?,?,"","","Missing Field",
"NES/Famicom","Games","Owned","Rockman 3","Japan","Official","Capcom","Capcom","Action, Platformer","Sep 8, 2025","Loose","14.82","76.47","275.11","14.82","0.0","0.0",1.0,?,?,?,"","","Missing Field",
"NES/Famicom","Games","Owned","Rockman 4","Japan","Official","Capcom","Capcom","Action, Platformer","Sep 8, 2025","Loose","15.5","61.75","196.5","15.5","0.0","0.0",1.0,?,?,?,"","","Missing Field",
"NES/Famicom","Games","Owned","Rockman 5","Japan","Official","Capcom","Capcom","Action, Platformer","Sep 8, 2025","Loose","20.48","61.47","195.5","20.48","0.0","0.0",1.0,?,?,?,"","","Missing Field",
"NES/Famicom","Games","Owned","SD Hero Soukessen: Taose! Aku no Gundan","Japan","Official","Banpresto Co., Ltd.","Interlink","Platformer","Sep 8, 2025","Loose","9.49","35.35","112.5","9.49","?","0.0",1.0,?,?,?,"","","Missing Field",
"NES/Famicom","Games","Owned","Super Mario Bros. 3","Japan","Official","Nintendo","Nintendo R&D4","Platformer","Sep 7, 2025","CIB","11.75","46.49","300.83","46.49","?","0.0",1.0,1.0,1.0,?,"","","Missing Field",
"NES/Famicom","Games","Owned","Super Xevious: GUMP no Nazo","Japan","Official","Namco","Tose Co., Ltd.","Shoot 'em up","Sep 8, 2025","Loose","9.49","21.79","68.5","9.49","0.0","0.0",1.0,?,?,?,"","","Missing Field",
"NES/Famicom","Games","Owned","Legend of Zelda","United States of America","Official","Nintendo of America, Inc.","Nintendo R&D4","Action, Adventure","Jun 10, 2025","Loose","31.73","180.76","514.92","31.73","0.0","0.0",0.7,?,?,?,"","","Missing Field",
"NES/Famicom","Games","Owned","Tokoro-san no Mamoru mo Semeru mo","Japan","Official","Epic/Sony Inc.","HAL Laboratory","Platformer","Sep 8, 2025","Loose","11.12","30.5","96.5","11.12","?","0.0",1.0,?,?,?,"","","Missing Field",
"NES/Famicom","Games","Owned","Wrecking Crew","Japan","Official","Nintendo","Intelligent Systems Co., Ltd., Nintendo R&D1","Action, Puzzle","Sep 8, 2025","Loose","13.92","62.5","258","13.92","0.0","0.0",1.0,?,?,?,"","","Missing Field",
"NES/Famicom","Games","Owned","Xevious: The Avenger","United States of America","Official","Bandai America, Inc.","Namco","Shoot 'em up","May 28, 2025","Loose","9.07","30.5","180.96","9.07","0.0","0.0",0.8,?,?,?,"","","Missing Field",
"NES/Famicom","Games","Owned","Yo! Noid","United States of America","Official","Capcom","Now Production Co.","Action","May 28, 2025","Loose","19.59","69.09","325.5","19.59","0.0","0.0",0.8,?,?,?,"","","Missing Field",
"NES/Famicom","Games","Owned","Yoshi no Cookie","Japan","Official","Nintendo","Tose Co., Ltd.","Puzzle","Sep 8, 2025","Loose","6.5","21.93","26.78","6.5","?","0.0",1.0,?,?,?,"","","Missing Field",
"NES/Famicom","Games","Owned","Yoshi no Tamago","Japan","Official","Nintendo","Game Freak","Puzzle","Sep 8, 2025","Loose","9.36","21.83","68.5","9.36","0.0","0.0",1.0,?,?,?,"","","Missing Field",
"NES/Famicom","Games","Owned","Zelda II: The Adventure of Link","United States of America","Official","Nintendo of America, Inc.","Nintendo R&D4","Action, RPG, Platformer","Jun 10, 2025","Loose","27.79","100.5","401.5","27.79","0.0","0.0",0.7,?,?,?,"","","Missing Field",
"Sega Genesis/Mega Drive","Games","Owned","Aladdin","United States of America","Official","Disney Software, Sega of America, Inc.","Virgin Interactive Entertainment, Inc.","Action, Platformer","Aug 11, 2025","Boxed","9.03","20.5","80.91","15.2","0.0","0.0",1.0,1.0,1.0,?,"","","Missing Field",
"Sega Genesis/Mega Drive","Games","Owned","Alex Kidd in the Enchanted Castle","United States of America","Official","Sega of America, Inc.","Sega R&D2","Platformer","Aug 11, 2025","Loose","16.37","28.15","69.5","16.37","?","0.0",1.0,?,?,?,"","","Missing Field",
"Sega Genesis/Mega Drive","Games","Owned","Dragon's Revenge","United States of America","Official","Tengen","Tengen","Action","Aug 11, 2025","Loose","19.73","34.11","103.66","19.73","?","0.0",1.0,?,?,?,"","","Missing Field",
"Sega Genesis/Mega Drive","Games","Owned","Might and Magic: Gates to Another World","United States of America","Official","Electronic Arts","New World Computing, Inc.","RPG","Aug 11, 2025","Boxed","14.85","49.38","61.72","30.3","0.0","0.0",1.0,1.0,1.0,?,"","","Missing Field",
"Sega Genesis/Mega Drive","Games","Owned","NBA Jam","United States of America","Official","Arena Entertainment","Midway","Sports","Aug 11, 2025","Boxed","7.5","16.8","186.4","11.49","0.0","0.0",1.0,1.0,1.0,?,"","","Missing Field",
"Sega Genesis/Mega Drive","Systems","Owned","Sega Genesis Console","United States of America","Official","Sega","Sega","Missing Field","May 28, 2025","Loose","77.62","211.74","238.05","77.62","0.0","0.0",0.8,?,?,?,"","","Missing Field",
"Sega Genesis/Mega Drive","Systems","Owned","Sega Genesis Mini","United States of America","Official","Sega","Sega","Missing Field","May 28, 2025","Loose","80.48","100.5","128.41","80.48","0.0","0.0",0.8,?,?,?,"","","Missing Field",
"Sega Genesis/Mega Drive","Games","Owned","Lion King","United States of America","Official","Virgin Interactive Entertainment, Inc.","Disney Software, Krisalis Software Ltd., Westwood Studios, Inc.","Platformer","Aug 11, 2025","Boxed","8.5","18.5","99.41","14.41","0.0","0.0",1.0,1.0,1.0,?,"","","Missing Field",
"Sega Genesis/Mega Drive","Games","Owned","Tiny Toon Adventures: Buster's Hidden Treasure","United States of America","Official","Konami","Konami","Action, Platformer","Aug 11, 2025","Loose","11.5","33.4","117.5","11.5","?","0.0",0.90000004,?,?,?,"","","Missing Field",
"Sega Genesis/Mega Drive","Games","Owned","Wheel of Fortune","United States of America","Official","GameTek, Inc.","Imagitec Design Inc.","Puzzle","Aug 11, 2025","Loose+","5.17","10.25","20.45","9.32","0.0","0.0",1.0,?,1.0,?,"","","Missing Field",
"Sega Genesis/Mega Drive","Games","Owned","Zoop","United States of America","Official","Viacom New Media","Hookstone Ltd.","Puzzle","Aug 11, 2025","Loose","6","11.44","15.5","6","?","0.0",1.0,?,?,?,"","","Missing Field",
"Nintendo Game Boy Color","Games","Owned","Tony Hawk's Pro Skater","United States of America","Official","Activision","Natsume","Sports","May 6, 2026","Loose","7.76","21.86","104.43","7.76","0.0","0.0",1.0,?,?,?,"","","Missing Field",
"Nintendo Game Boy Color","Games","Owned","Tony Hawk's Pro Skater 2","United States of America","Official","Activision","Natsume","Sports","May 6, 2026","Loose","7.41","20.47","44.96","7.41","0.0","0.0",1.0,?,?,?,"","","Missing Field",
"Nintendo Game Boy Color","Games","Owned","Tony Hawk's Pro Skater 3","United States of America","Official","Activision","HotGen Studios","Sports","May 6, 2026","Loose","6.44","15.94","44.79","6.44","0.0","0.0",1.0,?,?,?,"","","Missing Field",
"Nintendo Game Boy Color","Games","Owned","Zelda no Densetsu: Fushigi no Ki no Mi - Daichi no Shou","Japan","Official","Nintendo","Flagship","Action, Adventure, RPG, Puzzle","Sep 7, 2025","Loose","23","80.5","334.28","23","?","0.0",0.90000004,?,?,?,"","","Missing Field",
"Nintendo Game Boy Color","Games","Owned","Zelda no Densetsu: Yume o Miru Shima DX","Japan","Official","Nintendo","Nintendo","Adventure","Jun 10, 2025","Loose","16.49","51.25","159.63","16.49","?","0.0",1.0,?,?,?,"","","Missing Field",
"Microsoft Xbox One","Games","Owned","Anthem","United States of America","Official","Electronic Arts","BioWare","Action, RPG","Aug 11, 2025","Loose","5.26","7.75","6.18","5.26","?","0.0",1.0,?,?,?,"","","65",
"Microsoft Xbox One","Games","Owned","Assassin's Creed: Origins","United States of America","Official","Ubisoft Entertainment","Ubisoft","Action, Adventure, Sandbox, Stealth","Nov 4, 2025","CIB","8.99","10.49","15.33","10.49","?","0.0",1.0,1.0,1.0,?,"","","85",
"Microsoft Xbox One","Games","Owned","Assassin's Creed: Syndicate","United States of America","Official","Ubisoft Entertainment","Ubisoft","Action, Adventure, Sandbox, Stealth","Aug 11, 2025","CIB","6.65","8.11","10.49","8.11","0.0","0.0",1.0,1.0,1.0,?,"","","78",
"Microsoft Xbox One","Games","Owned","Batman: Return to Arkham","United States of America","Official","Warner Bros","Rocksteady","Action","Apr 24, 2026","CIB","12","12.27","19.64","12.27","0.0","0.0",1.0,1.0,1.0,?,"","","77",
"Microsoft Xbox One","Games","Owned","Batman: The Telltale Series","United States of America","Official","Telltale Games","Telltale Games","Adventure, Point & Click","May 23, 2026","CIB","10.16","10.49","13.39","10.49","0.0","0.0",1.0,1.0,1.0,?,"","","67",
"Microsoft Xbox One","Games","Owned","Battle Chasers: Nightwar","United States of America","Official","THQ","Airship Syndicate","RPG","Jan 12, 2026","New","6.73","7.29","8.5","8.5","?","0.0",?,1.0,?,?,"","","84",
"Microsoft Xbox One","Games","Owned","Bayonetta & Vanquish [10th Anniversary Bundle]","United States of America","Official","Sega","PlatinumGames","Action, Adventure, First-person shooter","Aug 17, 2025","CIB","20.75","30.14","35.24","30.14","0.0","0.0",1.0,1.0,1.0,?,"","","83",
"Microsoft Xbox One","Games","Owned","Biomutant [Cross-Gen]","United States of America","Official","THQ Nordic","Experiment 101","Action, RPG","Sep 25, 2025","Boxed","8.44","9.72","14.49","9.72","?","0.0",?,?,?,?,"","","68",
"Microsoft Xbox One","Games","Owned","Blacksad : Under The Skin [Limited Edition]","United States of America","Official","Microids","Maximum Games","Adventure","Sep 20, 2025","Boxed","5.42","10.49","9.02","9.42","0.0","0.0",1.0,0.8,?,?,"","","Missing Field",
"Microsoft Xbox One","Games","Owned","Blood Bowl 2","United States of America","Official","Focus Home Interactive","Cyanide Studio","Sports","Aug 11, 2025","CIB","8.23","9.49","15.49","9.49","0.0","0.0",1.0,1.0,1.0,?,"","","70",
"Microsoft Xbox One","Games","Owned","Borderlands 3","United States of America","Official","2K Games","Gearbox Software","Action, First-person shooter","Oct 19, 2025","CIB","6.53","8.46","11.56","8.46","0.0","0.0",1.0,1.0,1.0,?,"","","82",
"Microsoft Xbox One","Games","Owned","Borderlands: The Handsome Collection","United States of America","Official","2K Games","Gearbox Software","Action, First-person shooter","Dec 29, 2025","CIB","6.59","8.23","16.12","8.23","0.0","0.0",1.0,1.0,1.0,?,"","","80",
"Microsoft Xbox One","Games","Owned","Call of Duty: Advanced Warfare","United States of America","Official","Activision","Sledgehammer Games","First-person shooter","Apr 12, 2026","CIB","7.45","9.03","19.47","9.03","0.0","0.0",1.0,1.0,1.0,?,"","","81",
"Microsoft Xbox One","Games","Owned","Call of Duty: Infinite Warfare","United States of America","Official","Activision","Infinity Ward","Action, First-person shooter","Aug 11, 2025","New","7.53","8.22","10.19","10.19","0.0","0.0",?,1.0,?,?,"","","78",
"Microsoft Xbox One","Games","Owned","Call of Duty: Modern Warfare","United States of America","Official","Activision","Infinity Ward","Action, First-person shooter","Apr 12, 2026","CIB","8.58","9.53","18.48","9.53","0.0","0.0",1.0,1.0,1.0,?,"","","80",
"Microsoft Xbox One","Games","Owned","Call of Duty: Vanguard","United States of America","Official","Activision","Sledgehammer Games","Action, First-person shooter","Aug 11, 2025","New","8.13","9.5","10.5","10.5","0.0","0.0",?,1.0,?,?,"","","74",
"Microsoft Xbox One","Games","Owned","Crackdown 3","United States of America","Official","Microsoft Studios","Sumo Digital Ltd.","Action, First-person shooter, Sandbox","Oct 19, 2025","CIB","10.32","10.41","12.02","10.41","0.0","0.0",1.0,1.0,1.0,?,"","","60",
"Microsoft Xbox One","Games","Owned","Crash Bandicoot 4: It's About Time","United States of America","Official","Activision","Toys for Bob","Platformer","Sep 29, 2025","CIB","11.75","13.45","16.25","13.45","0.0","0.0",1.0,1.0,1.0,?,"","","83",
"Microsoft Xbox One","Games","Owned","Crash Bandicoot N. Sane Trilogy","United States of America","Official","Actionsoft","Vicarious Visions","Action, Adventure, Platformer","Sep 29, 2025","CIB","13.03","13.5","20.48","13.5","0.0","0.0",1.0,1.0,1.0,?,"","","79",
"Microsoft Xbox One","Games","Owned","Cyberpunk 2077","United States of America","Official","CD Projekt, Warner Bros. Interactive Entertainment","CD Projekt RED Sp. z o.o.","Action, First-person shooter","Aug 11, 2025","CIB","15.49","17.98","27.49","17.98","0.0","0.0",1.0,1.0,1.0,?,"","","61",
"Microsoft Xbox One","Games","Owned","Darksiders III","United States of America","Official","THQ Nordic","Gunfire Games","Action, Adventure","Sep 20, 2025","Boxed","7.83","8.99","10.76","8.99","0.0","0.0",1.0,0.8,?,?,"","","69",
"Microsoft Xbox One","Games","Owned","Dead Alliance","United States of America","Official","Maximum Games","Missing Field","Action, First-person shooter","May 2, 2026","CIB","7.23","8.3","11.5","8.3","0.0","0.0",1.0,1.0,1.0,?,"","","43",
"Microsoft Xbox One","Games","Owned","Dead Rising 3 [Apocalypse Edition]","United States of America","Official","Microsoft Studios","Capcom Vancouver","Action, Sandbox, Horror","Aug 11, 2025","CIB","9.64","10.44","30.49","10.44","0.0","0.0",1.0,1.0,1.0,?,"","","Missing Field",
"Microsoft Xbox One","Games","Owned","Dead Rising 4","United States of America","Official","Capcom, Microsoft Studios","Capcom Game Studios Vancouver","Action, Adventure, Horror","May 10, 2026","CIB","9.5","12.5","20.48","12.5","0.0","0.0",1.0,1.0,1.0,?,"","","72",
"Microsoft Xbox One","Games","Owned","Destiny 2","United States of America","Official","Activision","Bungie","Action, RPG, First-person shooter, MMO","Aug 11, 2025","CIB","4.33","4.83","9.22","4.83","0.0","0.0",1.0,1.0,1.0,?,"","","87",
"Microsoft Xbox One","Games","Owned","Destiny 2: Forsaken [Legendary Collection]","United States of America","Official","Activision","Activision","Action, RPG, First-person shooter, MMO","Aug 11, 2025","CIB","6.38","7.23","8.57","7.23","?","0.0",1.0,1.0,1.0,?,"","","Missing Field",
"Microsoft Xbox One","Games","Owned","Destiny: The Taken King","United States of America","Official","Activision","Bungie","Action, Adventure, RPG, First-person shooter, MMO","Aug 11, 2025","CIB","6.86","6.92","14.11","6.92","0.0","0.0",1.0,1.0,1.0,?,"","","89",
"Microsoft Xbox One","Games","Owned","Deus Ex: Mankind Divided","United States of America","Official","Square Enix","Eidos Montreal","Action, RPG","Apr 19, 2026","CIB","5.54","6.25","8","6.25","0.0","0.0",1.0,1.0,1.0,?,"","","83",
"Microsoft Xbox One","Games","Owned","Devil May Cry 5 [Deluxe Edition]","United States of America","Official","Capcom","Capcom","Action","Apr 24, 2026","CIB","20.95","24.23","51.17","24.23","0.0","0.0",1.0,1.0,1.0,?,"","","87",
"Microsoft Xbox One","Games","Owned","Diablo IV [Cross-Gen Bundle]","United States of America","Official","Blizzard Entertainment","Blizzard Entertainment","Action, RPG, MMO","Oct 19, 2025","Boxed","15.5","15.75","24.49","15.75","0.0","0.0",1.0,1.0,?,?,"","","91",
"Microsoft Xbox One","Games","Owned","Disco Elysium: The Final Cut","United States of America","Official","Missing Field","ZA/UM","RPG","Oct 19, 2025","Boxed","15.5","17.75","22.84","17.75","0.0","0.0",1.0,1.0,?,?,"","","Missing Field",
"Microsoft Xbox One","Games","Owned","Dishonored: Death of the Outsider","United States of America","Official","Bethesda Softworks","Arkane Studios SA","Action, Adventure, Stealth","Sep 29, 2025","Boxed","6.93","7.5","10.49","7.5","?","0.0",1.0,1.0,?,?,"","","84",
"Microsoft Xbox One","Games","Owned","Dragon Age: Inquisition","United States of America","Official","Electronic Arts","BioWare","Adventure, RPG","Aug 11, 2025","CIB","5.3","5.97","11","5.97","0.0","0.0",1.0,1.0,1.0,?,"","","85",
"Microsoft Xbox One","Games","Owned","Dragon Ball Z: Kakarot","United States of America","Official","Bandai Namco Entertainment","Toei Animation","Action, Adventure, Sandbox","Oct 19, 2025","Boxed","8","9.34","15.19","9.34","0.0","0.0",1.0,1.0,?,?,"","","73",
"Microsoft Xbox One","Games","Owned","Dungeons & Dragons: Dark Alliance","United States of America","Official","Wizards of the Coast, Inc.","Tuque Games","Action, RPG","Sep 29, 2025","CIB","14.25","18.3","23","18.3","0.0","0.0",1.0,1.0,1.0,?,"","","Missing Field",
"Microsoft Xbox One","Games","Owned","Earthfall [Deluxe Edition]","United States of America","Official","Holospark","Holospark","Action, First-person shooter","Apr 24, 2026","CIB","10.49","11.45","14.5","11.45","0.0","0.0",1.0,1.0,1.0,?,"","","56",
"Microsoft Xbox One","Games","Owned","Elden Ring Nightreign [Deluxe Edition]","United States of America","Official","Bandai Namco Entertainment","FromSoftware, Inc.","Action, Adventure, RPG","Jan 10, 2026","CIB","?","23.99","31.06","23.99","?","0.0",1.0,1.0,1.0,?,"","","Missing Field",
"Microsoft Xbox One","Games","Owned","Epic Chef","United States of America","Official","Team17 Software Limited","Infinigon","Adventure, Life Sim","May 10, 2026","CIB","6.34","7.75","9.15","7.75","0.0","0.0",1.0,1.0,1.0,?,"","","Missing Field",
"Microsoft Xbox One","Games","Owned","Evil Dead: The Game","United States of America","Official","Saber Interactive","Saber Interactive","Action, Adventure, Horror","Oct 19, 2025","Boxed","10.88","12.36","18.73","12.36","0.0","0.0",1.0,1.0,?,?,"","","72",
"Microsoft Xbox One","Games","Owned","Evolve","United States of America","Official","2K Games","Turtle Rock Studios","First-person shooter","Aug 11, 2025","CIB","6.47","8.46","10.99","8.46","0.0","0.0",1.0,1.0,1.0,?,"","","74",
"Microsoft Xbox One","Games","Owned","Fade To Silence","United States of America","Official","THQ Nordic","Avalanche Studios","RPG, Strategy","Oct 19, 2025","Boxed","6.91","9.74","15.49","9.74","0.0","0.0",1.0,1.0,?,?,"","","57",
"Microsoft Xbox One","Games","Owned","Fallout 4","United States of America","Official","Bethesda Softworks","Bethesda","RPG","Aug 10, 2025","CIB","7.95","9.75","14.71","9.75","0.0","0.0",1.0,1.0,1.0,?,"","","88",
"Microsoft Xbox One","Games","Owned","Far Cry 4 [Limited Edition]","United States of America","Official","Ubisoft","Ubisoft Montreal","Action, Adventure, First-person shooter","Aug 11, 2025","CIB","5.5","5.94","16.82","5.94","?","0.0",1.0,1.0,1.0,?,"","","82",
"Microsoft Xbox One","Games","Owned","Final Fantasy Type-0 HD [Day One Edition]","United States of America","Official","Square Enix","Square Enix","Action, RPG","Apr 24, 2026","CIB","5.99","7.55","13.08","7.55","0.0","0.0",1.0,1.0,1.0,?,"","","72",
"Microsoft Xbox One","Games","Owned","Game of Thrones: A Telltale Games Series","United States of America","Official","Telltale Games","Telltale Games","Adventure, Point & Click","Aug 11, 2025","CIB","23.86","26.12","46.52","26.12","0.0","0.0",1.0,1.0,1.0,?,"","","Missing Field",
"Microsoft Xbox One","Games","Owned","Gears of War 4","United States of America","Official","Microsoft Studios","The Coalition","Action, First-person shooter","Aug 11, 2025","CIB","10","10.27","25.99","10.27","?","0.0",1.0,1.0,1.0,?,"","","84",
"Microsoft Xbox One","Games","Owned","Gears of War: Ultimate Edition","United States of America","Official","Microsoft Studios","The Coalition","Action, First-person shooter","Aug 10, 2025","CIB","10.48","10.5","29.33","10.5","?","0.0",?,?,?,?,"","","82",
"Microsoft Xbox One","Games","Owned","Gears Tactics","United States of America","Official","Xbox Game Studios","Splash Damage","Strategy","Nov 28, 2025","CIB","10.28","15","18.98","15","0.0","0.0",1.0,1.0,1.0,?,"","","Missing Field",
"Microsoft Xbox One","Games","Owned","GreedFall","United States of America","Official","Focus Home Interactive","Spiders","Action, RPG","Apr 24, 2026","CIB","10.38","10.49","20.7","10.49","0.0","0.0",1.0,1.0,1.0,?,"","","78",
"Microsoft Xbox One","Games","Owned","Halo 5: Guardians","United States of America","Official","Microsoft Studios","343 Industries","Action, First-person shooter","Oct 19, 2025","Boxed","7.33","9.14","17.73","9.14","0.0","0.0",1.0,0.4,?,?,"","","84",
"Microsoft Xbox One","Games","Owned","Halo Infinite","United States of America","Official","Xbox Game Studios","343 Industries","Action, First-person shooter","Oct 19, 2025","Boxed","29.38","30.49","49.48","30.49","0.0","0.0",1.0,1.0,?,?,"","","Missing Field",
"Microsoft Xbox One","Games","Owned","Hitman: The Complete First Season [Steelbook Edition]","United States of America","Official","Square Enix","IO Interactive","Action, Adventure, Stealth","Aug 11, 2025","CIB","10.15","12.48","27.49","12.48","?","0.0",1.0,1.0,1.0,?,"","","Missing Field",
"Microsoft Xbox One","Games","Owned","Immortals Fenyx Rising","United States of America","Official","Ubisoft","Ubisoft Quebec","Action, Adventure","Dec 20, 2025","CIB","8.76","9.19","11.5","9.19","0.0","0.0",1.0,1.0,1.0,?,"","","76",
"Microsoft Xbox One","Games","Owned","Injustice 2 [Legendary Edition]","United States of America","Official","WB Games","NetherRealm Studios","Fighting","Aug 11, 2025","CIB","6.5","7.15","14.64","7.15","0.0","0.0",1.0,1.0,1.0,?,"","","Missing Field",
"Microsoft Xbox One","Games","Owned","JoJo's Bizarre Adventure: All-Star Battle R","United States of America","Official","Bandai Namco Entertainment","CyberConnect2 Co., Ltd.","Fighting","Jul 5, 2026","CIB","10.76","10.83","15.56","10.83","0.0","0.0",1.0,1.0,1.0,?,"","","Missing Field",
"Microsoft Xbox One","Games","Owned","Jujutsu Kaisen: Cursed Clash","United States of America","Official","Missing Field","Missing Field","Fighting","Oct 19, 2025","CIB","22.5","22.69","44.94","22.69","0.0","0.0",1.0,1.0,1.0,?,"","","Missing Field",
"Microsoft Xbox One","Games","Owned","Just Cause 4 [Day One Edition]","United States of America","Official","Square Enix","Avalanche Studios","Action, Adventure, First-person shooter, Sandbox, Stealth","Oct 28, 2025","Boxed","8.74","9.16","14.38","9.16","?","0.0",1.0,0.2,?,?,"","","70",
"Microsoft Xbox One","Games","Owned","Kaze and the Wild Masks","United States of America","Official","Soedesco","PixelHive","Platformer","Jun 28, 2026","CIB","13.99","15.47","19.84","15.47","0.0","0.0",1.0,1.0,1.0,?,"","","83",
"Microsoft Xbox One","Games","Owned","Ken Follett's The Pillars of the Earth","United States of America","Official","Kalypso Media","Kalypso Media","Action, Adventure, Visual Novel","May 2, 2026","CIB","7.97","8.06","10.92","8.06","0.0","0.0",1.0,1.0,1.0,?,"","","78",
"Microsoft Xbox One","Games","Owned","Killer Instinct Combo Breaker Pack","United States of America","Official","Microsoft Studios","Double Helix Games, Iron Galaxy Studios, Rare, Ltd.","Fighting","Aug 11, 2025","CIB","13.43","15.43","30.72","15.43","0.0","0.0",1.0,1.0,1.0,?,"","","73",
"Microsoft Xbox One","Games","Owned","Kingdom Majestic","United States of America","Official","Microids","Raw Fury Games","Adventure, Strategy","Oct 19, 2025","CIB","13.96","14.49","22.57","14.49","0.0","0.0",1.0,1.0,1.0,?,"","","Missing Field",
"Microsoft Xbox One","Games","Owned","Kingdoms of Amalur: Re-Reckoning","United States of America","Official","THQ Nordic","Big Huge Games","Action, Adventure, RPG","Aug 10, 2025","CIB","15.67","17.02","23.63","17.02","0.0","0.0",1.0,1.0,1.0,?,"","","72",
"Microsoft Xbox One","Games","Owned","LEGO Batman 3: Beyond Gotham","United Kingdom","Official","WB Games","TT Games","Adventure, Family","Oct 23, 2025","CIB","6.25","7.58","11.46","7.58","?","0.0",1.0,1.0,1.0,?,"","","74",
"Microsoft Xbox One","Games","Owned","Lichdom: Battlemage","United States of America","Official","Maximum Games","Xaviant","Action, Adventure, RPG","Sep 29, 2025","CIB","6.54","6.71","9.25","6.71","0.0","0.0",1.0,1.0,1.0,?,"","","Missing Field",
"Microsoft Xbox One","Games","Owned","Life Is Strange: Before the Storm","United States of America","Official","Square Enix","Deck Nine Games","Action, Adventure","Jan 12, 2026","New","10.27","11.72","13.49","13.49","?","0.0",?,?,?,?,"","","82",
"Microsoft Xbox One","Games","Owned","Lock's Quest","United States of America","Official","THQ Nordic","Digital Continue","Management Sim, Strategy","Oct 24, 2025","Boxed","7.19","8.49","10.49","8.49","?","0.0",1.0,1.0,?,?,"","","69",
"Microsoft Xbox One","Games","Owned","Lords of the Fallen [Limited Edition]","United States of America","Official","Bandai Namco Entertainment","City Interactive, DECK13 Interactive GmbH","Action, RPG","Aug 11, 2025","CIB","9.49","12.32","20.39","12.32","0.0","0.0",1.0,1.0,1.0,?,"","","71",
"Microsoft Xbox One","Games","Owned","Mafia: Definitive Edition","United States of America","Official","2K","Hangar 13","Action, Adventure","Oct 5, 2025","CIB","11.33","14.28","17.47","14.28","0.0","0.0",1.0,1.0,1.0,?,"","","79",
"Microsoft Xbox One","Games","Owned","Maneater","United States of America","Official","Deep Silver","Tripwire Interactive","Action, Adventure, RPG, Life Sim","Sep 20, 2025","Boxed","7.53","7.91","14.49","7.91","0.0","0.0",1.0,0.8,?,?,"","","71",
"Microsoft Xbox One","Games","Owned","Marvel vs. Capcom: Infinite","United States of America","Official","Capcom","Capcom","Fighting","Dec 3, 2025","CIB","12.19","13.71","27.11","13.71","?","0.0",1.0,1.0,1.0,?,"","","77",
"Microsoft Xbox One","Games","Owned","Mass Effect Legendary Edition","United States of America","Official","Electronic Arts","BioWare","Action, RPG","Aug 11, 2025","CIB","12.47","14.49","15.5","14.49","0.0","0.0",1.0,1.0,1.0,?,"","","90",
"Microsoft Xbox One","Games","Owned","Metal Gear Solid V: Ground Zeroes","United States of America","Official","Konami","Kojima Productions (Konami)","Action, Adventure, First-person shooter, Stealth","May 31, 2026","CIB","7.49","9.15","23.16","9.15","0.0","0.0",1.0,1.0,1.0,?,"","","76",
"Microsoft Xbox One","Games","Owned","Metro Redux","United States of America","Official","Deep Silver","4A Games","Action, First-person shooter","Aug 11, 2025","CIB","13.49","15.15","30.49","15.15","0.0","0.0",1.0,1.0,1.0,?,"","","84",
"Microsoft Xbox One","Games","Owned","Mortal Kombat X","United States of America","Official","WB Games","NetherRealm Studios","Action, Fighting","Aug 11, 2025","CIB","5.84","7.2","9.92","7.2","0.0","0.0",1.0,1.0,1.0,?,"","","86",
"Microsoft Xbox One","Games","Owned","Mortal Kombat XL","United States of America","Official","WB Games","NetherRealm Studios","Fighting","Aug 11, 2025","New","7.67","7.77","17.48","17.48","0.0","0.0",?,1.0,?,?,"","","Missing Field",
"Microsoft Xbox One","Games","Owned","Murdered: Soul Suspect","United States of America","Official","Square Enix","Airtight Games","Adventure","Apr 20, 2026","CIB","8.64","8.84","12.91","8.84","0.0","0.0",1.0,1.0,1.0,?,"","","51",
"Microsoft Xbox One","Games","Owned","My Hero One's Justice","United States of America","Official","Bandai Namco Entertainment","Bandai Namco Games","Action, Fighting","Oct 16, 2025","Loose","6.37","8.72","20.48","6.37","?","0.0",0.8,?,?,?,"","","71",
"Microsoft Xbox One","Games","Owned","Naruto Shippuden: Ultimate Ninja Storm 4","United States of America","Official","Bandai Namco Entertainment","CyberConnect2 Co., Ltd.","Action","Nov 2, 2025","Boxed","6.56","8.72","15.36","8.72","0.0","0.0",1.0,1.0,?,?,"","","80",
"Microsoft Xbox One","Games","Owned","Naruto Shippuden: Ultimate Ninja Storm 4 - Road to Boruto Expansion","United States of America","Official","Bandai Namco Entertainment","CyberConnect2 Co., Ltd.","Fighting","Nov 2, 2025","Boxed","7.99","8.49","17.48","8.49","0.0","0.0",1.0,1.0,?,?,"","","77",
"Microsoft Xbox One","Games","Owned","Neverwinter Nights [Enhanced Edition]","United States of America","Official","Beamdog","Beamdog","RPG","Sep 17, 2025","CIB","11.39","12.29","15.45","12.29","0.0","0.0",1.0,1.0,1.0,?,"","","Missing Field",
"Microsoft Xbox One","Games","Owned","Nickelodeon All Star Brawl","United States of America","Official","GameMill Entertainment","Fair Play Labs, Ludosity Interactive","Fighting","Oct 19, 2025","Boxed","10.22","11.62","14.8","11.62","0.0","0.0",1.0,1.0,?,?,"","","Missing Field",
"Microsoft Xbox One","Games","Owned","Observer: System Redux","United States of America","Official","KOCH Media","Bloober Team SA","Adventure, Life Sim, Stealth, Horror","Dec 29, 2025","CIB","12.73","16.54","25.64","16.54","0.0","0.0",1.0,1.0,1.0,?,"","","79",
"Microsoft Xbox One","Games","Owned","Outriders","United States of America","Official","Square Enix","People Can Fly","First-person shooter","Aug 11, 2025","New","7.69","7.99","7.5","7.5","0.0","0.0",?,1.0,?,?,"","","Missing Field",
"Microsoft Xbox One","Games","Owned","Outriders: Worldslayer","United States of America","Official","Square Enix","People Can Fly","Action, Shoot 'em up","Sep 18, 2025","CIB","13.82","15.49","17.98","15.49","0.0","0.0",1.0,1.0,1.0,?,"","","78",
"Microsoft Xbox One","Games","Owned","Overwatch","United States of America","Official","Blizzard Entertainment","Blizzard","Strategy, First-person shooter","Aug 11, 2025","CIB","2.85","10.72","67.66","10.72","0.0","0.0",1.0,1.0,1.0,?,"","","91",
"Microsoft Xbox One","Games","Owned","Payday 2 [Crimewave Edition]","United States of America","Official","505 Games","Overkill Software","First-person shooter","Apr 12, 2026","CIB","7.65","8.5","14.09","8.5","0.0","0.0",1.0,1.0,1.0,?,"","","65",
"Microsoft Xbox One","Games","Owned","Pillars of Eternity: Complete Edition","United States of America","Official","Paradox Interactive AB","Obsidian Entertainment","RPG","Dec 20, 2025","CIB","12.49","12.78","25.41","12.78","0.0","0.0",1.0,1.0,1.0,?,"","","86",
"Microsoft Xbox One","Games","Owned","Portal Knights","United States of America","Official","505 Games","505 Games","Adventure, RPG, Sandbox","Dec 30, 2025","CIB","7.02","7.66","13.31","7.66","0.0","0.0",1.0,1.0,1.0,?,"","","77",
"Microsoft Xbox One","Games","Owned","Prey","United States of America","Official","Bethesda Softworks","Arkane Studios SA","Action, First-person shooter","Sep 29, 2025","CIB","6.36","6.72","11.85","6.72","0.0","0.0",1.0,1.0,1.0,?,"","","84",
"Microsoft Xbox One","Games","Owned","Prison Architect","United States of America","Official","Introversion Software Limited","Introversion Software, Double Eleven Studios","Action, Adventure, Strategy, Life Sim","Dec 20, 2025","CIB","7.1","7.6","26.49","7.6","0.0","0.0",1.0,1.0,1.0,?,"","","75",
"Microsoft Xbox One","Games","Owned","Quantum Break","United States of America","Official","Microsoft Studios","Remedy Entertainment","Action, Adventure, First-person shooter","Jan 4, 2026","CIB","11","11.21","21.98","11.21","0.0","0.0",1.0,1.0,1.0,?,"","","77",
"Microsoft Xbox One","Games","Owned","Rabbids: Party of Legends","United States of America","Official","Ubisoft","Ubisoft","Party","Oct 23, 2025","CIB","6.3","8.69","8.99","8.69","0.0","0.0",1.0,1.0,1.0,?,"","","Missing Field",
"Microsoft Xbox One","Games","Owned","Rad Rodgers","United States of America","Official","THQ Nordic","THQ Nordic","Action, First-person shooter, Platformer","Jul 5, 2026","CIB","8.59","9.14","19.76","9.14","0.0","0.0",1.0,1.0,1.0,?,"","","67",
"Microsoft Xbox One","Games","Owned","Rage 2","United States of America","Official","Bethesda Softworks","Avalanche Studios","First-person shooter","Aug 17, 2025","CIB","7.49","8.49","10.49","8.49","?","0.0",1.0,1.0,1.0,?,"","","72",
"Microsoft Xbox One","Games","Owned","Rare Replay","United States of America","Official","Microsoft Studios","Rare, Ltd.","Action, Adventure, Fighting, Platformer","Aug 10, 2025","CIB","11.23","12.25","18.76","12.25","?","0.0",1.0,1.0,1.0,?,"","","84",
"Microsoft Xbox One","Games","Owned","Rayman Legends","United States of America","Official","Ubisoft Entertainment","Ubisoft Montpellier","Platformer","Dec 10, 2025","CIB","7.22","8.64","17.47","8.64","0.0","0.0",1.0,1.0,1.0,?,"","","91",
"Microsoft Xbox One","Games","Owned","Resident Evil 7: biohazard","United States of America","Official","Capcom","Capcom","Horror","Apr 24, 2026","CIB","9.78","11.52","25.69","11.52","0.0","0.0",1.0,1.0,1.0,?,"","","86",
"Microsoft Xbox One","Games","Owned","Resident Evil: Village","United States of America","Official","Capcom","Capcom","Action, Adventure, Horror","Oct 19, 2025","Boxed","13.99","14.9","20.73","14.9","0.0","0.0",1.0,1.0,?,?,"","","83",
"Microsoft Xbox One","Games","Owned","Rise of the Tomb Raider","United States of America","Official","Square Enix","Crystal Dynamics, Inc.","Action, Adventure","Aug 11, 2025","CIB","10.32","11.16","17.05","11.16","0.0","0.0",1.0,1.0,1.0,?,"","","86",
"Microsoft Xbox One","Games","Owned","Rogue Stormers","United States of America","Official","Black Forest Games","Soedesco","Missing Field","May 31, 2026","CIB","5.75","8.5","15.83","8.5","0.0","0.0",1.0,1.0,1.0,?,"","","Missing Field",
"Microsoft Xbox One","Games","Owned","Ryse: Son of Rome","United States of America","Official","Microsoft Studios","Crytek GmbH","Action","Aug 11, 2025","CIB","8.4","8.49","25.24","8.49","?","0.0",1.0,1.0,1.0,?,"","","60",
"Microsoft Xbox One","Games","Owned","Saints Row [Criminal Customs Edition]","United States of America","Official","Deep Silver","Volition Inc.","Action, Adventure","Dec 29, 2025","CIB","6.89","9.41","10.69","9.41","0.0","0.0",1.0,1.0,1.0,?,"","","65",
"Microsoft Xbox One","Games","Owned","Shadow of the Tomb Raider","United States of America","Official","Square Enix","Eidos Montreal","Action, Adventure","Dec 30, 2025","CIB","8.24","9.49","13.92","9.49","0.0","0.0",1.0,1.0,1.0,?,"","","82",
"Microsoft Xbox One","Games","Owned","Shadow Tactics: Blades of the Shogun","United States of America","Official","Daedalic Entertainment","Mimimi","Strategy","Dec 20, 2025","CIB","9.78","11.14","15.02","11.14","0.0","0.0",1.0,1.0,1.0,?,"","","85",
"Microsoft Xbox One","Games","Owned","Sine Mora EX","United States of America","Official","THQ Nordic","Digital Reality","Action, Shoot 'em up","May 4, 2026","CIB","10.08","10.11","11.45","10.11","0.0","0.0",1.0,1.0,1.0,?,"","","80",
"Microsoft Xbox One","Games","Owned","Skylanders Swap Force","United States of America","Official","Activision","Activision","Action, Puzzle, Platformer","Aug 11, 2025","CIB","56.74","58.85","85.5","58.85","?","0.0",1.0,1.0,1.0,?,"","","Missing Field",
"Microsoft Xbox One","Games","Owned","Song of the Deep","United States of America","Official","Insomniac Games","Insomniac Games","Adventure","Oct 31, 2025","Boxed","10.27","10.5","20.48","10.5","?","0.0",1.0,1.0,?,?,"","","66",
"Microsoft Xbox One","Games","Owned","Sonic Colors Ultimate","United States of America","Official","Sega","Blind Squirrel Games","Action, Adventure","Jul 5, 2026","CIB","10.49","11.74","13.49","11.74","0.0","0.0",1.0,1.0,1.0,?,"","","74",
"Microsoft Xbox One","Games","Owned","SoulCalibur VI","United States of America","Official","Bandai Namco Entertainment","Bandai Namco Entertainment","Action, Fighting","Jul 11, 2026","CIB","10.48","11.87","15.49","11.87","0.0","0.0",?,1.0,1.0,?,"","","84",
"Microsoft Xbox One","Games","Owned","South Park: The Fractured but Whole","United States of America","Official","Ubisoft Entertainment","Ubisoft San Francisco","RPG","Aug 11, 2025","CIB","9.61","10.59","14.5","10.59","0.0","0.0",1.0,1.0,1.0,?,"","","84",
"Microsoft Xbox One","Games","Owned","Spacebase Startopia","United States of America","Official","Kalypso Media Digital","Realmforge Studios","Strategy","Jan 4, 2026","CIB","9.09","9.25","24.49","9.25","0.0","0.0",1.0,1.0,1.0,?,"","","66",
"Microsoft Xbox One","Games","Owned","Spyro Reignited Trilogy","United States of America","Official","Activision","Toys for Bob","Adventure, Platformer","Sep 14, 2025","Digital","9.74","11.44","15.13","Digital","?","0.0",1.0,1.0,1.0,?,"","","83",
"Microsoft Xbox One","Games","Owned","Star Wars Battlefront II [Elite Trooper Deluxe Edition]","United States of America","Official","EA Arts","DiCE","First-person shooter","Apr 12, 2026","CIB","8.53","10.5","40.49","10.5","0.0","0.0",1.0,1.0,1.0,?,"","","66",
"Microsoft Xbox One","Games","Owned","Star Wars Jedi: Fallen Order","United States of America","Official","EA Arts","Respawn Entertainment","Action, Adventure","Apr 12, 2026","CIB","10.66","10.69","16.5","10.69","0.0","0.0",1.0,1.0,1.0,?,"","","81",
"Microsoft Xbox One","Games","Owned","State of Decay 2","United States of America","Official","Microsoft Studios","Undead Labs","Action, Adventure","Dec 30, 2025","CIB","11","11.22","27.47","11.22","0.0","0.0",1.0,1.0,1.0,?,"","","66",
"Microsoft Xbox One","Games","Owned","Steep","United States of America","Official","Ubisoft Entertainment","Ubisoft Annecy","Sports","Oct 19, 2025","CIB","5.44","8.55","20.48","8.55","0.0","0.0",1.0,1.0,1.0,?,"","","72",
"Microsoft Xbox One","Games","Owned","Sunset Overdrive [Day One]","United States of America","Official","Xbox Game Studios","Insomniac Games","Action, First-person shooter","Aug 11, 2025","CIB","8","9.9","18.5","9.9","0.0","0.0",1.0,1.0,1.0,?,"","","81",
"Microsoft Xbox One","Games","Owned","Super Lucky's Tale","United States of America","Official","Microsoft Studios","Playful Corp.","Action, Platformer","Apr 20, 2026","CIB","6.77","7.88","13.03","7.88","0.0","0.0",1.0,1.0,1.0,?,"","","64",
"Microsoft Xbox One","Games","Owned","Tales from the Borderlands: A Telltale Game Series","United States of America","Official","Telltale Games","Telltale Games","Adventure","Oct 28, 2025","Boxed","10.83","11.62","14.55","11.62","?","0.0",1.0,1.0,?,?,"","","88",
"Microsoft Xbox One","Games","Owned","Amazing Spider-Man 2","United States of America","Official","Activision","Beenox Studios","Action, Adventure","Aug 11, 2025","CIB","58.27","68.81","172.42","68.81","0.0","0.0",1.0,1.0,1.0,?,"","","46",
"Microsoft Xbox One","Games","Owned","Banner Saga Trilogy [Bonus Edition]","United States of America","Official","505 Games","Stoic","Adventure, RPG, Strategy","Sep 25, 2025","CIB","10.89","11.68","27.02","11.68","?","0.0",1.0,1.0,1.0,?,"","","Missing Field",
"Microsoft Xbox One","Games","Owned","Book of Unwritten Tales 2","United States of America","Official","Missing Field","KING Art","Adventure, Point & Click","Apr 20, 2026","CIB","7.25","10.44","14.89","10.44","0.0","0.0",1.0,1.0,1.0,?,"","","79",
"Microsoft Xbox One","Games","Owned","Dwarves","United States of America","Official","Nordic Games GmbH","King Art Games","RPG","Jul 5, 2026","CIB","6.27","8.24","17.25","8.24","0.0","0.0",1.0,1.0,1.0,?,"","","58",
"Microsoft Xbox One","Games","Owned","Elder Scrolls Online: Tamriel Unlimited","United States of America","Official","Bethesda Softworks","ZeniMax Media","RPG, MMO","Aug 11, 2025","CIB","3.46","3.56","7.53","3.56","0.0","0.0",1.0,1.0,1.0,?,"","","77",
"Microsoft Xbox One","Games","Owned","Eternal Cylinder","United States of America","Official","Good Shepherd Entertainment","ACE Team","Action","Sep 17, 2025","CIB","12.99","17.98","18.03","17.98","0.0","0.0",1.0,1.0,1.0,?,"","","82",
"Microsoft Xbox One","Games","Owned","Evil Within","United States of America","Official","Bethesda Softworks","Tango gameworks","Action, Horror","Aug 11, 2025","CIB","8.71","9.5","20.99","9.5","0.0","0.0",1.0,1.0,1.0,?,"","","79",
"Microsoft Xbox One","Games","Owned","Falconeer [Day One Edition]","United States of America","Official","Wired Productions","Tomas Sala","Action, Adventure, RPG, First-person shooter, Flight Sim","Jul 5, 2026","CIB","?","12.47","10.91","12.47","0.0","0.0",1.0,1.0,1.0,?,"","","62",
"Microsoft Xbox One","Games","Owned","Lego Movie Game [Not For Resale]","United States of America","Not For Resale","WB Games","TT Games","Action, Adventure","Apr 12, 2026","CIB","-1.0", "-1.0", "-1.0", "-1.0","0.0","0.0",1.0,1.0,1.0,?,"","","69",
"Microsoft Xbox One","Games","Owned","Wolf Among Us","United States of America","Official","Telltale Games","Telltale Games","Action, Adventure, Point & Click","Aug 11, 2025","CIB","10.49","12.75","16.93","12.75","0.0","0.0",1.0,1.0,1.0,?,"","","Missing Field",
"Microsoft Xbox One","Games","Owned","Tiny Tina's Wonderlands","United States of America","Official","2K","Gearbox","Adventure, RPG, First-person shooter","Jan 4, 2026","CIB","10.07","11.73","13.91","11.73","0.0","0.0",1.0,1.0,1.0,?,"","","Missing Field",
"Microsoft Xbox One","Games","Owned","Titan Quest","United States of America","Official","THQ Nordic","THQ Nordic","Action, RPG","May 10, 2026","CIB","5.59","9.49","13.68","9.49","0.0","0.0",1.0,1.0,1.0,?,"","","66",
"Microsoft Xbox One","Games","Owned","Titanfall","United States of America","Official","Electronic Arts","Respawn Entertainment","Action, First-person shooter","Aug 11, 2025","CIB","5","5.46","11.77","5.46","0.0","0.0",1.0,1.0,1.0,?,"","","86",
"Microsoft Xbox One","Games","Owned","Tom Clancy's Ghost Recon Wildlands","United States of America","Official","Ubisoft","Ubisoft Paris, Ubisoft Milan","Action, First-person shooter, Stealth","Oct 19, 2025","Boxed","7.49","8.53","16.73","8.53","0.0","0.0",1.0,0.4,?,?,"","","76",
"Microsoft Xbox One","Games","Owned","Tony Hawk's Pro Skater 1 + 2","United States of America","Official","Activision","Vicarious Visions","Sports","Aug 11, 2025","CIB","9.3","10.5","13.5","10.5","0.0","0.0",1.0,1.0,1.0,?,"","","88",
"Microsoft Xbox One","Games","Owned","Trackmania Turbo","United States of America","Official","Ubisoft Entertainment","Nadeo","Racing","Apr 19, 2026","CIB","5.5","8.47","10.74","8.47","0.0","0.0",1.0,1.0,1.0,?,"","","76",
"Microsoft Xbox One","Games","Owned","Trials Fusion","United States of America","Official","Ubisoft Entertainment","Redlynx Ltd","Racing","Jan 3, 2026","CIB","5.95","6.49","10.76","6.49","?","0.0",1.0,1.0,1.0,?,"","","80",
"Microsoft Xbox One","Games","Owned","Trine 4: The Nightmare Prince","United States of America","Official","Maximum Games","Frozenbyte, Inc.","Puzzle","Oct 5, 2025","CIB","7.16","7.43","14.59","7.43","0.0","0.0",1.0,1.0,1.0,?,"","","80",
"Microsoft Xbox One","Games","Owned","Tropico 5 [Penultimate Edition]","United States of America","Official","Kalypso Media","Kalypso","Management Sim, Strategy, Life Sim","Jan 4, 2026","CIB","5.44","5.44","10.53","5.44","0.0","0.0",1.0,1.0,1.0,?,"","","75",
"Microsoft Xbox One","Games","Owned","We Happy Few [Deluxe Edition]","United States of America","Official","Gearbox Software","Compulsion Games","Action, First-person shooter","Apr 12, 2026","CIB","?","7.77","16.23","7.77","0.0","0.0",1.0,1.0,1.0,?,"","","64",
"Microsoft Xbox One","Systems","Owned","Xbox One 1 TB Elite Console","United States of America","Official","Microsoft","Missing Field","Missing Field","Aug 15, 2025","Loose","?","322.06","499.35","?","?","0.0",0.90000004,?,?,?,"
","","Missing Field",
"Microsoft Xbox One","Games","Owned","Yakuza: Like A Dragon","United States of America","Official","Sega","Ryu ga Gotoku Studio","Action, RPG","Jul 5, 2026","CIB","8.67","10.61","12.86","10.61","0.0","0.0",1.0,1.0,1.0,?,"","","83",
"Microsoft Xbox One","Games","Owned","Yooka-Laylee","United States of America","Official","Team17 Software Limited","Playtonic Games","Action, Adventure, Platformer","Aug 10, 2025","CIB","9.98","10.47","17.23","10.47","?","0.0",1.0,1.0,1.0,?,"","","73",
"Sony PlayStation 4","Games","Owned","13 Sentinels: Aegis Rim","United States of America","Official","Atlus U.S.A., Inc.","Vanillaware","Action, Adventure, RPG, Strategy","Jun 3, 2026","CIB","15.49","16.5","26.4","16.5","0.0","0.0",1.0,1.0,1.0,?,"","","85",
"Sony PlayStation 4","Games","Owned","88 Heroes","United States of America","Official","Rising Star Games","Bitmap Bureau Ltd.","Action, Platformer","Jan 30, 2026","CIB","12.47","13.33","31.03","13.33","?","0.0",1.0,1.0,1.0,?,"","","72",
"Sony PlayStation 4","Games","Owned","Hat in Time","United States of America","Official","Gears for Breakfast, Humble Bundle","Gears for Breakfast","Action, Adventure, Platformer","Jun 6, 2026","CIB","36.93","79.5","103.5","79.5","0.0","0.0",1.0,1.0,1.0,?,"","","79",
"Sony PlayStation 4","Games","Owned","Afterimage [Deluxe Edition]","United States of America","Official","Modus Games","Missing Field","Action, Adventure, Platformer","Jun 6, 2026","CIB","18.48","19.48","26.6","19.48","0.0","0.0",1.0,1.0,1.0,?,"","","Missing Field",
"Sony PlayStation 4","Games","Owned","Alekhine's Gun","United States of America","Official","Maximum Games","Maximum Games","Action, Stealth","Nov 28, 2025","CIB","10.49","10.61","20.8","10.61","0.0","0.0",1.0,1.0,1.0,?,"","","36",
"Sony PlayStation 4","Games","Owned","Alfred Hitchcock: Vertigo [Limited Edition]","United States of America","Official","Microids","Pendulo Studios","Adventure, Horror","Jul 3, 2026","CIB","16.73","18.48","20.5","18.48","0.0","0.0",1.0,1.0,1.0,?,"","","Missing Field",
"Sony PlayStation 4","Games","Owned","Aliens: Dark Descent","United States of America","Official","Focus Entertainment","Tindalos Interactive","Action","Oct 3, 2026","CIB","23.99","30.5","61.1","30.5","0.0","0.0",1.0,1.0,1.0,?,"","","Missing Field",
"Sony PlayStation 4","Games","Owned","Aragami","United States of America","Official","Lince Works","Lince Works","Action, Adventure, Stealth","Aug 1, 2026","CIB","16.05","16.5","39.34","16.5","0.0","0.0",1.0,1.0,1.0,?,"","","71",
"Sony PlayStation 4","Games","Owned","Aragami 2","United States of America","Official","Merge Games","Lince Works","Action, Adventure, Stealth","Jul 25, 2026","CIB","18.48","20.48","35.09","20.48","0.0","0.0",0.90000004,1.0,1.0,?,"","","Missing Field",
"Sony PlayStation 4","Games","Owned","Arcadegeddon","United States of America","Official","Nighthawk Interactive","Illfonic","Action, First-person shooter","May 10, 2026","CIB","7.38","10.25","10.67","10.25","0.0","0.0",1.0,1.0,1.0,?,"","","Missing Field",
"Sony PlayStation 4","Games","Owned","Assassin's Creed Unity [Limited Edition]","United States of America","Official","Ubisoft","Ubisoft Montreal","Action, Adventure, Stealth","Sep 24, 2026","CIB","8.77","8.99","20.1","8.99","0.0","0.0",1.0,1.0,1.0,?,"","","70",
"Sony PlayStation 4","Games","Owned","Assassin's Creed Valhalla [Ragnarök Edition]","United States of America","Official","Ubisoft","Ubisoft Montreal","Action, Adventure","Aug 30, 2026","CIB","?","14.14","35.14","14.14","0.0","0.0",1.0,1.0,1.0,?,"","","80",
"Sony PlayStation 4","Games","Owned","Assassin's Creed: The Ezio Collection","United States of America","Official","Ubisoft Entertainment","Ubisoft Montreal","Action, Adventure","Sep 20, 2026","CIB","14","15.51","20.45","15.51","0.0","0.0",1.0,1.0,1.0,?,"","","72",
"Sony PlayStation 4","Games","Owned","Azure Striker Gunvolt: Striker Pack","United States of America","Official","Nighthawk Interactive","INTI CREATES CO., LTD.","First-person shooter","Dec 12, 2025","CIB","24.07","24.92","34.39","24.92","0.0","0.0",1.0,1.0,1.0,?,"","","Missing Field",
"Sony PlayStation 4","Games","Owned","Batman Arkham Knight [Not For Resale]","United States of America","Not For Resale","WB Games","Rocksteady","Action, Adventure","Sep 12, 2026","CIB","?","13.49","32.5","13.49","0.0","0.0",?,?,?,?,"","","87",
"Sony PlayStation 4","Games","Owned","Batman: Arkham Collection","United States of America","Official","Warner Bros","Rocksteady, WB Games Montreal","Action","Sep 20, 2026","CIB","18.69","19.02","26.31","19.02","0.0","0.0",1.0,1.0,1.0,?,"","","Missing Field",
"Sony PlayStation 4","Games","Owned","Battlefield 1","United States of America","Official","Electronic Arts","DiCE","First-person shooter","Dec 20, 2025","CIB","6.49","7","12","7","0.0","0.0",1.0,1.0,1.0,?,"","","89",
"Sony PlayStation 4","Games","Owned","Beast Quest","United States of America","Official","Maximum Games","Maximum Games","Action, Adventure","Aug 30, 2026","CIB","11.7","15.49","15.46","15.49","0.0","0.0",1.0,1.0,1.0,?,"","","33",
"Sony PlayStation 4","Games","Owned","Bee Simulator","United States of America","Official","Bigben Interactive GmbH","Maximum Games","Adventure, RPG","Jul 25, 2026","CIB","11.45","11.69","19.35","11.69","0.0","0.0",0.90000004,1.0,1.0,?,"","","47",
"Sony PlayStation 4","Games","Owned","Ben 10","United States of America","Official","Outright Games","Outright Games","Action, Beat 'em up","May 10, 2026","CIB","7.53","8.75","18.25","8.75","0.0","0.0",1.0,1.0,1.0,?,"","","56",
"Sony PlayStation 4","Games","Owned","Bendy and the Ink Machine","United States of America","Official","Maximum Games","Maximum Games","Adventure","Jun 19, 2026","CIB","8.25","11.05","24.75","11.05","0.0","0.0",1.0,1.0,1.0,?,"","","71",
"Sony PlayStation 4","Games","Owned","Berserk and the Band of the Hawk","United States of America","Official","Koei Tecmo","Omega Force","Action, Beat 'em up","Aug 1, 2026","CIB","69.9","78","105.45","78","0.0","0.0",1.0,1.0,1.0,?,"","","66",
"Sony PlayStation 4","Games","Owned","Bioshock: The Collection","United States of America","Official","2K","Blind Squirrel Games","First-person shooter, Horror","Aug 10, 2025","CIB","15.26","15.5","23.6","15.5","?","0.0",1.0,1.0,1.0,?,"","","84",
"Sony PlayStation 4","Games","Owned","Black Clover: Quartet Knights","United States of America","Official","Bandai Namco Entertainment","Bandai Namco Entertainment","Action, Adventure, RPG, Third-person shooter","Sep 20, 2025","Boxed","13.72","14.9","22.7","14.9","0.0","0.0",1.0,0.8,?,?,"","","53",
"Sony PlayStation 4","Games","Owned","Bloodborne","United States of America","Official","Sony Computer Entertainment","FromSoftware, Inc.","Action, RPG","Aug 10, 2025","CIB","15.5","18.3","34.36","18.3","?","0.0",1.0,1.0,1.0,?,"","","92",
"Sony PlayStation 4","Games","Owned","Bloodstained: Ritual of the Night","United States of America","Official","505 Games","WayForward Technologies","Action, Adventure","Jul 18, 2026","New","11.83","13.25","27.91","27.91","0.0","0.0",1.0,1.0,1.0,?,"","","83",
"Sony PlayStation 4","Games","Owned","Blue Fire","United States of America","Official","Graffiti","Graffiti","Action, Adventure, RPG, Platformer","Aug 2, 2026","CIB","18.48","27.6","48.45","27.6","0.0","0.0",1.0,1.0,1.0,?,"","","Missing Field",
"Sony PlayStation 4","Games","Owned","Bound by Flame","United States of America","Official","Focus Home Interactive","Spiders","Action, Adventure, RPG","May 23, 2026","CIB","8.48","11.84","29.98","11.84","0.0","0.0",1.0,1.0,1.0,?,"","","53",
"Sony PlayStation 4","Games","Owned","Buddy Simulator 1984","United States of America","Official","Feardemic","Feardemic","Adventure, Horror","Jul 18, 2026","New","?","10.49","16.59","16.59","0.0","0.0",?,?,?,?,"","","Missing Field",
"Sony PlayStation 4","Games","Owned","Call of Duty: Black Ops IIII","United States of America","Official","Activision","Treyarch","Action, First-person shooter","May 16, 2026","CIB","6.5","8.98","16.46","8.98","0.0","0.0",1.0,0.8,1.0,?,"","","83",
"Sony PlayStation 4","Games","Owned","Chronos: Before the Ashes","United States of America","Official","THQ Nordic","Gunfire Games","Action, Adventure","Sep 20, 2026","CIB","15.3","15.77","31.45","15.77","0.0","0.0",1.0,1.0,1.0,?,"","","68",
"Sony PlayStation 4","Games","Owned","Citadel: Forged with Fire","United States of America","Official","Solutions 2 GO","Blue Isle Studios","RPG, Sandbox","May 8, 2026","CIB","9.47","9.49","10.93","9.49","0.0","0.0",1.0,1.0,1.0,?,"","","72",
"Sony PlayStation 4","Games","Owned","Code Vein","United States of America","Official","Bandai Namco Entertainment","Bandai Namco Entertainment","Action, RPG","Sep 17, 2026","CIB","14.28","19.16","30.49","19.16","0.0","0.0",1.0,1.0,1.0,?,"","","70",
"Sony PlayStation 4","Games","Owned","Concrete Genie","United States of America","Official","Sony Interactive Entertainment","PixelOpus","Adventure","May 2, 2026","CIB","10.49","12.09","17.39","12.09","0.0","0.0",1.0,1.0,1.0,?,"","","75",
"Sony PlayStation 4","Games","Owned","ConnecTank","United States of America","Official","Natsume","YummyYummyTummy","Action, Puzzle","Jun 28, 2026","CIB","10.49","10.99","15.23","10.99","0.0","0.0",1.0,1.0,1.0,?,"","","Missing Field",
"Sony PlayStation 4","Games","Owned","Control","United States of America","Official","505 Games","Remedy Entertainment","Action, Adventure","Aug 30, 2026","CIB","10.49","12.28","22.79","12.28","0.0","0.0",1.0,1.0,1.0,?,"","","82",
"Sony PlayStation 4","Games","Owned","CrossCode","United States of America","Official","ININ Games","Radical Fish Games","Action, RPG","May 30, 2026","CIB","34.13","34.49","40.49","34.49","0.0","0.0",1.0,1.0,1.0,?,"","","81",
"Sony PlayStation 4","Games","Owned","Cuphead [Limited Edition]","United States of America","Official","iam8bit","Studio MDHR","Platformer","May 1, 2026","New","41.15","50.18","94.03","94.03","0.0","0.0",?,1.0,?,?,"","","86",
"Sony PlayStation 4","Games","Owned","Curved Space","United States of America","Official","Maximum Games","Only By Midnight","Action, Shoot 'em up","May 23, 2026","CIB","7.81","9.64","13.51","9.64","0.0","0.0",1.0,1.0,1.0,?,"","","Missing Field",
"Sony PlayStation 4","Games","Owned","Danganronpa Trilogy","United States of America","Official","NIS America, Inc.","Spike Chunsoft Co., Ltd.","Puzzle","Aug 30, 2026","CIB","46.73","47.95","62.47","47.95","0.0","0.0",1.0,1.0,1.0,?,"","","Missing Field",
"Sony PlayStation 4","Games","Owned","Dark Souls II: Scholar of the First Sin","United States of America","Official","Bandai Namco Entertainment","FromSoftware, Inc.","RPG","Aug 23, 2026","CIB","14.5","15","21.4","15","0.0","0.0",1.0,1.0,1.0,?,"","","87",
"Sony PlayStation 4","Games","Owned","Dark Souls III [The Fire Fades Edition]","United States of America","Official","Bandai Namco Entertainment","FromSoftware, Inc.","Action, RPG","Aug 23, 2026","CIB","15","17.54","21.33","17.54","0.0","0.0",1.0,1.0,1.0,?,"","","Missing Field",
"Sony PlayStation 4","Games","Owned","Dark Souls Remastered","United States of America","Official","Bandai Namco Entertainment","FromSoftware, Inc.","Action, RPG","Aug 23, 2026","CIB","15.5","15.6","21.47","15.6","0.0","0.0",1.0,1.0,1.0,?,"","","84",
"Sony PlayStation 4","Games","Owned","Darkest Dungeon: Ancestral Edition","United States of America","Official","Merge Games","Merge Games","RPG","May 8, 2026","CIB","28.35","30.23","52.63","30.23","0.0","0.0",1.0,1.0,1.0,?,"","","Missing Field",
"Sony PlayStation 4","Games","Owned","Daymare: 1998","United States of America","Official","Destructive Creations","Destructive Creations","Action, Adventure, Horror","Apr 26, 2026","CIB","9.5","11.92","21.42","11.92","0.0","0.0",1.0,1.0,1.0,?,"","","53",
"Sony PlayStation 4","Games","Owned","Days Gone","United States of America","Official","Sony Computer Entertainment America","Bend Studio","Action, Adventure, Horror","Oct 1, 2026","CIB","15.49","15.94","26.5","15.94","0.0","0.0",1.0,1.0,1.0,?,"","","71",
"Sony PlayStation 4","Games","Owned","Dead Cells: Return to Castlevania Edition","United States of America","Official","Merge Games","Motion Twin","Action, Adventure","May 30, 2026","CIB","18.23","20.48","22.59","20.48","0.0","0.0",1.0,1.0,1.0,?,"","","Missing Field",
"Sony PlayStation 4","Games","Owned","Dead Rising 2","United States of America","Official","Capcom","Blue Castle Games","Action, Adventure","Jul 11, 2026","CIB","12.84","16.63","20.48","16.63","0.0","0.0",?,1.0,1.0,?,"","","82",
"Sony PlayStation 4","Games","Owned","Death Mark","United States of America","Official","Aksys Games","Experience Inc.","Horror, Visual Novel","Jul 19, 2026","CIB","14.1","16.89","27.99","16.89","0.0","0.0",1.0,1.0,1.0,?,"","","83",
"Sony PlayStation 4","Games","Owned","Death Stranding","United States of America","Official","Sony Interactive Entertainment","Kojima Productions (Konami)","Action, RPG","Apr 25, 2026","CIB","9.86","10","16.97","10","0.0","0.0",1.0,1.0,1.0,?,"","","82",
"Sony PlayStation 4","Games","Owned","Death's Gambit","United States of America","Official","Adult Swim Games","White Rabbit","Action, RPG","Jul 31, 2026","CIB","20.48","22.22","33","22.22","0.0","0.0",1.0,1.0,1.0,?,"","","72",
"Sony PlayStation 4","Games","Owned","Demon Slayer -Kimetsu no Yaiba- The Hinokami Chronicles","United States of America","Official","Sega","CyberConnect2 Co., Ltd.","Fighting","Oct 1, 2026","CIB","13.7","14.49","20.5","14.49","0.0","0.0",1.0,1.0,1.0,?,"","","70",
"Sony PlayStation 4","Games","Owned","Deponia","United States of America","Official","THQ Nordic","Daedalic Entertainment","Adventure, Point & Click","May 23, 2026","CIB","10.11","11.37","16.28","11.37","0.0","0.0",1.0,1.0,1.0,?,"","","71",
"Sony PlayStation 4","Games","Owned","Desperados III","United States of America","Official","THQ Nordic","Mimimi Productions","Strategy, Stealth","May 9, 2026","Boxed","9.84","11","15.59","11","0.0","0.0",1.0,1.0,?,?,"","","82",
"Sony PlayStation 4","Games","Owned","Destiny","United States of America","Official","Activision","Bungie","Action, First-person shooter","Aug 2, 2026","CIB","7.8","8.9","12.85","8.9","0.0","0.0",1.0,1.0,1.0,?,"","","76",
"Sony PlayStation 4","Games","Owned","Destiny 2: Limited Edition","United States of America","Official","Activision","Bungie","Action, RPG, First-person shooter, MMO","Oct 3, 2026","CIB","15.49","27.13","71.44","27.13","0.0","0.0",1.0,1.0,1.0,?,"","","Missing Field",
"Sony PlayStation 4","Games","Owned","Detroit: Become Human","United States of America","Official","Sony Interactive Entertainment","Quantic Dream","Adventure","Jul 3, 2026","CIB","15.5","16.95","26.32","16.95","0.0","0.0",1.0,1.0,1.0,?,"Spanish variant case ","","78",
"Sony PlayStation 4","Games","Owned","Diablo IV [Cross-Gen Bundle]","United States of America","Official","Activision Blizzard, Inc.","Blizzard","Adventure, RPG","Oct 3, 2026","CIB","18.32","20.48","25.49","20.48","0.0","0.0",1.0,1.0,1.0,?,"","","Missing Field",
"Sony PlayStation 4","Games","Owned","Digimon Story Cyber Sleuth: Hacker's Memory","United States of America","Official","Bandai Co., Ltd.","Media.Vision Entertainment Inc.","RPG","May 10, 2026","CIB","11.5","11.9","19.63","11.9","0.0","0.0",1.0,1.0,1.0,?,"","","73",
"Sony PlayStation 4","Games","Owned","Dodgeball Academia","United States of America","Official","Humble Games","Pocket Trap","RPG, Sports","Dec 30, 2025","CIB","10.93","12.49","16.5","12.49","0.0","0.0",1.0,1.0,1.0,?,"","","81",
"Sony PlayStation 4","Games","Owned","Don't Starve: Mega Pack","United States of America","Official","505 Games","Klei","Action, Adventure","Aug 15, 2026","CIB+","50.5","54.96","74.23","54.96","0.0","0.0",1.0,1.0,1.0,?,"","","82",
"Sony PlayStation 4","Games","Owned","DOOM","United States of America","Official","Bethesda Softworks","id Software","Action, First-person shooter, Horror","Aug 10, 2025","CIB","10.75","12.37","35.5","12.37","?","0.0",1.0,1.0,1.0,?,"","","85",
"Sony PlayStation 4","Games","Owned","DOOM Eternal","United States of America","Official","Bethesda Softworks","id Software","Action, First-person shooter","Sep 20, 2026","CIB","14.75","17.13","20.61","17.13","0.0","0.0",1.0,1.0,1.0,?,"","","87",
"Sony PlayStation 4","Games","Owned","Double Dragon Gaiden: Rise of the Dragons","United States of America","Official","Modus Games","Secret Base","Beat 'em up","Sep 26, 2026","CIB","14.09","16.5","21.99","16.5","0.0","0.0",1.0,1.0,1.0,?,"","","Missing Field",
"Sony PlayStation 4","Games","Owned","Dragon Ball FighterZ","United States of America","Official","Bandai Namco Entertainment","ARC System Works","Action, Fighting","Sep 12, 2026","CIB","8.04","8.9","19.48","8.9","0.0","0.0",1.0,1.0,1.0,?,"","","87",
"Sony PlayStation 4","Games","Owned","Dragon Ball: The Breakers [Special Edition]","United States of America","Official","Bandai Namco Entertainment","Dimps Corporation","Action, Fighting","Sep 3, 2026","CIB","8.01","9.49","11.45","9.49","0.0","0.0",1.0,1.0,1.0,?,"","","54",
"Sony PlayStation 4","Games","Owned","Dragon Ball: Xenoverse 2","United States of America","Official","Bandai Namco Entertainment","Dimps Corporation","Fighting","Aug 30, 2026","CIB","7.71","12.45","22.6","12.45","0.0","0.0",1.0,1.0,1.0,?,"","","72",
"Sony PlayStation 4","Games","Owned","Dragon Quest Heroes II [Explorer's Edition]","United States of America","Official","Square Enix","Omega Force","Action, Adventure, RPG, Beat 'em up","Jan 30, 2026","CIB","16.5","16.5","20.22","16.5","?","0.0",1.0,1.0,1.0,?,"","","76",
"Sony PlayStation 4","Games","Owned","Dragon Quest Heroes: The World Tree's Woe and the Blight Below (Day One Edition)","United States of America","Official","Square Enix","Square Enix","RPG","Sep 10, 2026","CIB","15.5","17.41","30.84","17.41","0.0","0.0",?,1.0,1.0,?,"","","77",
"Sony PlayStation 4","Games","Owned","Dragon Quest XI: Echoes of an Elusive Age","United States of America","Official","Square Enix","Square Enix","RPG","Jul 31, 2026","CIB","13","13.79","27.58","13.79","0.0","0.0",1.0,1.0,1.0,?,"","","86",
"Sony PlayStation 4","Games","Owned","Dragon's Crown Pro (Battle Hardened Edition)","United States of America","Official","Atlus Co., Ltd.","Vanillaware","Action, RPG","Jul 18, 2026","CIB","30.48","41.67","70.48","41.67","0.0","0.0",1.0,1.0,1.0,?,"","","80",
"Sony PlayStation 4","Games","Owned","Dreams","United States of America","Official","Sony Computer Entertainment","Media Molecule","Sandbox","May 10, 2026","CIB","11.87","15.17","20.42","15.17","0.0","0.0",1.0,1.0,1.0,?,"","","89",
"Sony PlayStation 4","Games","Owned","Dungeon Munchies","United States of America","Official","Serenity Forge","Missing Field","Action, RPG","Aug 22, 2026","CIB","?","12","16.69","12","0.0","0.0",1.0,1.0,1.0,?,"","","Missing Field",
"Sony PlayStation 4","Games","Owned","Dungeons 3","United States of America","Official","Kalypso Media","Realmforge Studios","Strategy","May 23, 2026","CIB","8.49","8.49","14.49","8.49","0.0","0.0",1.0,1.0,1.0,?,"","","Missing Field",
"Sony PlayStation 4","Games","Owned","Dying Light","United States of America","Official","WB Games","Techland Sp. z o.o","Action, Adventure, Horror","Aug 28, 2026","CIB","9.49","10.5","38.49","10.5","0.0","0.0",1.0,1.0,1.0,?,"","","74",
"Sony PlayStation 4","Games","Owned","Dynasty Warriors 8: Empires","United States of America","Official","Koei Tecmo","Omega Force","Action, Beat 'em up","Jul 12, 2026","CIB","14.25","16.7","28.49","16.7","0.0","0.0",1.0,1.0,1.0,?,"","","63",
"Sony PlayStation 4","Games","Owned","Elden Ring","United States of America","Official","Bandai Namco Entertainment","FromSoftware, Inc.","Action, RPG","Aug 22, 2026","CIB","22.4","23.25","35.25","23.25","0.0","0.0",1.0,1.0,1.0,?,"","","Missing Field",
"Sony PlayStation 4","Games","Owned","ELEX","United States of America","Official","THQ Nordic","Piranha Bytes","RPG","Jan 30, 2026","CIB","12.03","12.79","16.31","12.79","?","0.0",1.0,1.0,1.0,?,"","","58",
"Sony PlayStation 4","Games","Owned","Exist Archive: The Other Side of the Sky","United States of America","Official","Aksys Games","Spike Chunsoft Co., Ltd.","RPG","May 24, 2026","CIB","15.99","16.96","35.49","16.96","0.0","0.0",1.0,1.0,1.0,?,"","","69",
"Sony PlayStation 4","Games","Owned","Exophobia","United States of America","Official","PM Studios","Zarc Attack","Action, First-person shooter","Sep 20, 2026","CIB","18.39","19.36","26.5","19.36","0.0","0.0",1.0,1.0,1.0,?,"","","Missing Field",
"Sony PlayStation 4","Games","Owned","Fallout 4","United States of America","Official","Bethesda Softworks","Bethesda Softworks","Action, Adventure, RPG","Aug 11, 2025","CIB","10.92","12.27","22.5","12.27","0.0","0.0",1.0,1.0,1.0,?,"","","87",
"Sony PlayStation 4","Games","Owned","Fallout 76","United States of America","Official","Bethesda Softworks","Bethesda Game Studios","Action, RPG","Sep 12, 2026","CIB","6.43","10.49","13.5","10.49","0.0","0.0",1.0,1.0,1.0,?,"","","53",
"Sony PlayStation 4","Games","Owned","Far Cry 5","United States of America","Official","Ubisoft Entertainment","Ubisoft Montreal","Action, Adventure, First-person shooter","May 16, 2026","CIB","9.13","9.74","18.32","9.74","0.0","0.0",1.0,1.0,1.0,?,"","","81",
"Sony PlayStation 4","Games","Owned","Far Cry Primal","United States of America","Official","Ubisoft Entertainment","Ubisoft","Action, First-person shooter","Aug 30, 2026","CIB","7.39","8.18","14.68","8.18","0.0","0.0",1.0,1.0,1.0,?,"","","76",
"Sony PlayStation 4","Games","Owned","Fate/Extella: The Umbral Star","United States of America","Official","XSEED Games","Marvelous","Action, Beat 'em up","May 24, 2026","CIB","14.26","18.46","23.99","18.46","0.0","0.0",1.0,1.0,1.0,?,"","","67",
"Sony PlayStation 4","Games","Owned","Final Fantasy XII: The Zodiac Age","United States of America","Official","Square Enix","Square Enix","RPG","Apr 5, 2026","CIB","14.55","16.54","24.91","16.54","0.0","0.0",1.0,1.0,1.0,?,"","","86",
"Sony PlayStation 4","Games","Owned","Final Fantasy XV [Day One Edition]","United States of America","Official","Square Enix","Square Enix Business Division 2","Action, RPG","Nov 28, 2025","CIB","8.43","11.37","15.3","11.37","?","0.0",1.0,1.0,1.0,?,"","","81",
"Sony PlayStation 4","Games","Owned","Firewall Zero Hour","United States of America","Official","Sony Interactive Entertainment","Sony Interactive Entertainment","Action, First-person shooter","Dec 20, 2025","CIB","7.49","8.69","10.49","8.69","?","0.0",1.0,1.0,1.0,?,"","","79",
"Sony PlayStation 4","Games","Owned","Flipping Death","United States of America","Official","Rising Star Games","Zoink!","Action","Jul 18, 2026","New","11.04","13.66","17.48","17.48","0.0","0.0",?,1.0,?,?,"","","76",
"Sony PlayStation 4","Games","Owned","For Honor","United States of America","Official","Ubisoft Entertainment","Ubisoft Montreal","Action","Aug 11, 2025","CIB","6.5","7.06","11.51","7.06","0.0","0.0",1.0,1.0,1.0,?,"","","78",
"Sony PlayStation 4","Games","Owned","G.I. Joe: Operation Blackout","United States of America","Official","Game Mill Publishing, Inc.","IguanaBee","Action, Adventure, Third-person shooter","Sep 10, 2026","CIB","8.71","9.96","11.38","9.96","0.0","0.0",1.0,1.0,1.0,?,"","","51",
"Sony PlayStation 4","Games","Owned","Ghost of Tsushima","United States of America","Official","Sony Interactive Entertainment","Sucker Punch Productions","Action, Adventure, RPG","Aug 10, 2025","CIB","15.09","18.03","21.99","18.03","?","0.0",1.0,1.0,1.0,?,"","","83",
"Sony PlayStation 4","Games","Owned","Gigantosaurus: The Game","United States of America","Official","Outright Games","Cyber Group Studios","Action, Adventure","Jul 12, 2026","CIB","7.49","10.49","15.09","10.49","0.0","0.0",1.0,1.0,1.0,?,"","","Missing Field",
"Sony PlayStation 4","Games","Owned","God Eater 2: Rage Burst","United States of America","Official","Namco","Shift","Action, Adventure, RPG, Strategy","Aug 28, 2026","CIB","11","12","28.6","12","0.0","0.0",1.0,1.0,1.0,?,"","","69",
"Sony PlayStation 4","Games","Owned","God Eater 3","United States of America","Official","Bandai Namco Entertainment","Bandai Namco Entertainment","Action, RPG","Aug 29, 2026","CIB","11.69","14.36","19.3","14.36","0.0","0.0",1.0,1.0,1.0,?,"Japanese version ","","71",
"Sony PlayStation 4","Games","Owned","God of War III Remastered","United States of America","Official","Sony Computer Entertainment America","Sony Santa Monica Studio, Wholesale Algorithms","Action, Adventure","Jul 30, 2026","CIB","15.75","16.75","21.56","16.75","0.0","0.0",1.0,1.0,1.0,?,"","","81",
"Sony PlayStation 4","Games","Owned","Grand Theft Auto V [Premium Edition]","United States of America","Official","Rockstar Games","Rockstar North","Action, Racing, First-person shooter, Life Sim","Aug 30, 2026","CIB+","9","13.61","17.47","13.61","0.0","0.0",1.0,1.0,1.0,1.0,"","","97",
"Sony PlayStation 4","Games","Owned","Gravity Rush: Remastered","United States of America","Official","Sony Computer Entertainment America, Inc.","Bluepoint Games","Action, Adventure","Aug 29, 2026","CIB","55.17","55.49","80.47","55.49","0.0","0.0",1.0,1.0,1.0,?,"","","80",
"Sony PlayStation 4","Games","Owned","Guilty Gear Xrd: Rev 2","United States of America","Official","PQube","Arc System Works Co., Ltd.","Action, Fighting","Sep 26, 2026","CIB","15.25","16.92","23.49","16.92","0.0","0.0",1.0,1.0,1.0,?,"","","86",
"Sony PlayStation 4","Games","Owned","Gundam Versus","United States of America","Official","Bandai Co., Ltd.","Havok","Action, Fighting","Aug 13, 2026","Loose+","11.45","11.46","19.48","11.45","0.0","0.0",1.0,?,1.0,?,"","","68",
"Sony PlayStation 4","Games","Owned","Gunhouse","United States of America","Official","Limited Run Games","Necrosoft Games","Puzzle","Jul 18, 2026","New","6.5","16.91","20.99","20.99","0.0","0.0",?,?,?,?,"","","Missing Field",
"Sony PlayStation 4","Games","Owned","Hades","United States of America","Official","Supergiant Games","Supergiant Games","Action, RPG, Roguelike","Aug 15, 2026","CIB+","13.49","15.87","21.49","15.87","0.0","0.0",1.0,1.0,1.0,?,"","","Missing Field",
"Sony PlayStation 4","Games","Owned","Hitman: Definitive Edition","United States of America","Official","WB Games","IO Interactive","Action","Aug 2, 2026","CIB","16.72","18.45","43.92","18.45","0.0","0.0",1.0,1.0,1.0,?,"","","84",
"Sony PlayStation 4","Games","Owned","Hollow Knight","United States of America","Official","Fangamer","Team Cherry","Action, Adventure","Sep 27, 2026","CIB+","25.87","30.45","33.24","30.45","0.0","0.0",1.0,1.0,1.0,1.0,"","","Missing Field",
"Sony PlayStation 4","Games","Owned","Horizon Forbidden West [Launch Edition]","United States of America","Official","Sony Interactive Entertainment","Guerrilla Games","Action, Adventure","Oct 19, 2025","CIB","15.49","17.5","20.5","17.5","0.0","0.0",1.0,1.0,1.0,?,"","","83",
"Sony PlayStation 4","Games","Owned","Horizon: Zero Dawn [Limited Edition]","Japan","Official","Sony Computer Entertainment","Guerrilla Games","Action, Adventure, RPG","Sep 7, 2025","CIB","-1.0", "-1.0", "-1.0", "-1.0","0.0","0.0",1.0,1.0,1.0,?,"","","89",
"Sony PlayStation 4","Games","Owned","Hotline Miami Collection","United States of America","Official","Devolver Digital","Dennaton Games","Action, Shoot 'em up","May 17, 2026","CIB","?","28.49","42.72","28.49","0.0","0.0",1.0,1.0,1.0,?,"","","Missing Field",
"Sony PlayStation 4","Games","Owned","Human: Fall Flat","United States of America","Official","505 Games","No Brakes Games","Action, Adventure, Puzzle, Platformer","Oct 3, 2026","CIB","14.03","15","33.97","15","0.0","0.0",1.0,1.0,1.0,?,"","","67",
"Sony PlayStation 4","Games","Owned","Indivisible","United States of America","Official","505 Games","Lab Zero Games","Action, RPG","May 8, 2026","CIB","8.09","11.96","12.44","11.96","0.0","0.0",1.0,1.0,1.0,?,"","","77",
"Sony PlayStation 4","Games","Owned","inFamous: Second Son [Limited Edition]","United States of America","Official","Sony Computer Entertainment","Sucker Punch Productions","Action, Adventure","Nov 28, 2025","CIB","12.76","13.68","40.45","13.68","0.0","0.0",1.0,1.0,1.0,?,"","","80",
"Sony PlayStation 4","Games","Owned","Infernax","United States of America","Official","Missing Field","Berserk Games","Action, Adventure, RPG, Platformer","May 8, 2026","CIB","20.48","45.55","85.5","45.55","0.0","0.0",1.0,1.0,1.0,?,"","","83",
"Sony PlayStation 4","Games","Owned","Infinifactory","United States of America","Official","Alliance Digital Media","Zachtronics Industries","Puzzle, Sandbox","Nov 2, 2025","CIB","8.49","9.49","10.49","9.49","0.0","0.0",1.0,1.0,1.0,?,"","","70",
"Sony PlayStation 4","Games","Owned","Injustice: Gods Among Us - Ultimate Edition","United States of America","Official","High Voltage Software, Inc.","NetherRealm Studios","Action, Fighting","Aug 2, 2026","Loose+","6.69","6.92","20.39","6.69","0.0","0.0",1.0,1.0,1.0,?,"","","80",
"Sony PlayStation 4","Games","Owned","Iris.Fall","United States of America","Official","PM Studios","PM Studios","Puzzle","Sep 27, 2026","CIB","20.48","20.73","39.93","20.73","0.0","0.0",1.0,1.0,1.0,?,"","","Missing Field",
"Sony PlayStation 4","Games","Owned","Jump Force","United States of America","Official","Bandai Namco Entertainment","Spike Chunsoft Co., Ltd.","Action, Adventure, Fighting","Oct 1, 2026","CIB","16.73","20.78","47.36","20.78","0.0","0.0",1.0,1.0,1.0,?,"","","56",
"Sony PlayStation 4","Games","Owned","Just Cause 4","United Kingdom","Official","Square Enix","Avalanche Studios","Action, Adventure, First-person shooter, Sandbox, Stealth","May 23, 2026","CIB","6.11","7.42","15.77","7.42","0.0","0.0",1.0,1.0,1.0,?,"","","65",
"Sony PlayStation 4","Games","Owned","Kena: Bridge of Spirits [Deluxe Edition]","United States of America","Official","Sony Interactive Entertainment","Emberlab","Action, Adventure","Jun 28, 2026","CIB","17.05","18.5","21.46","18.5","0.0","0.0",1.0,1.0,1.0,?,"","","76",
"Sony PlayStation 4","Games","Owned","Killzone: Shadow Fall [Playstation Hits]","United States of America","Official","SCEA","Guerrilla Games","Action, First-person shooter","Nov 28, 2025","CIB","9.17","12.24","12.37","12.24","0.0","0.0",1.0,1.0,1.0,?,"","","73",
"Sony PlayStation 4","Games","Owned","Kingdom Hearts III","United States of America","Official","Square Enix","Square Enix Business Division 3","Action, RPG","Aug 17, 2025","CIB","8.42","9.49","16.95","9.49","0.0","0.0",1.0,1.0,1.0,?,"","","83",
"Sony PlayStation 4","Games","Owned","Kingdom Hearts: The Story So Far","United States of America","Official","Disney Interactive","Square Enix","Action, Adventure, RPG","Oct 19, 2025","CIB","19.66","25.64","30.34","25.64","?","0.0",1.0,1.0,1.0,?,"","","Missing Field",
"Sony PlayStation 4","Games","Owned","Kitaria Fables","United States of America","Official","PQube","Twin Hearts","Action, Adventure, RPG","Jul 18, 2026","New","?","9.49","12.88","12.88","0.0","0.0",?,1.0,?,?,"","","Missing Field",
"Sony PlayStation 4","Games","Owned","Knack","United States of America","Official","Sony Interactive Entertainment","Sony Computer Entertainment","Action, Adventure, Platformer","Sep 12, 2026","CIB","10.57","10.73","16.29","10.73","0.0","0.0",1.0,1.0,1.0,?,"","","54",
"Sony PlayStation 4","Games","Owned","Knack 2","United States of America","Official","Sony Interactive Entertainment","Sony Computer Entertainment","Action, Adventure","Jul 11, 2026","CIB","14.88","15.19","25.49","15.19","0.0","0.0",?,1.0,1.0,?,"","","69",
"Sony PlayStation 4","Games","Owned","Lair of the Clockwork God","United States of America","Official","Size Five Games","Size Five Games","Adventure, Puzzle, Platformer","May 9, 2026","New","?","36.86","31.82","31.82","0.0","0.0",?,1.0,?,?,"","","Missing Field",
"Sony PlayStation 4","Games","Owned","Left Alive","United States of America","Official","Square Enix","Square Enix","Action, Adventure","May 9, 2026","CIB","6.9","8.49","9.09","8.49","0.0","0.0",1.0,1.0,1.0,?,"","","37",
"Sony PlayStation 4","Games","Owned","Like A Dragon: Infinite Wealth","United States of America","Official","Sega","Ryu ga Gotoku Studio","RPG","Aug 15, 2026","CIB+","19.48","21","38","21","0.0","0.0",1.0,1.0,1.0,?,"","","Missing Field",
"Sony PlayStation 4","Games","Owned","Little Nightmares [Complete Edition]","United Kingdom","Official","Bandai Namco Entertainment","Tarsier Studios","Platformer","Aug 1, 2026","CIB","15.49","15.5","20.5","15.5","0.0","0.0",1.0,1.0,1.0,?,"","","Missing Field",
"Sony PlayStation 4","Games","Owned","Little Nightmares II","United States of America","Official","Bandai Namco Games","Tarsier Studios","Puzzle, Horror","Aug 23, 2026","CIB","11.99","12.71","20.93","12.71","0.0","0.0",?,1.0,1.0,?,"","","82",
"Sony PlayStation 4","Games","Owned","LittleBigPlanet 3","United States of America","Official","Sony Computer Entertainment America, Inc.","Sumo Digital Ltd.","Puzzle, Sandbox, Platformer","Apr 26, 2026","CIB","14.5","15.09","26.99","15.09","0.0","0.0",1.0,1.0,1.0,?,"","","79",
"Sony PlayStation 4","Games","Owned","Lost Judgment","United States of America","Official","Sega","Ryu ga Gotoku Studio","Action, Adventure","Apr 25, 2026","CIB","10.49","13.86","18.98","13.86","0.0","0.0",1.0,1.0,1.0,?,"","","83",
"Sony PlayStation 4","Games","Owned","Lumo","United States of America","Official","Rising Star Games","Just Add Water, Triple Eh?","Adventure","May 10, 2026","New","11.01","13.48","22.64","22.64","0.0","0.0",1.0,1.0,1.0,?,"","","73",
"Sony PlayStation 4","Games","Owned","Mad Max","United States of America","Official","WB Games","Avalanche Studios","Action, Adventure","Sep 26, 2026","CIB","15.92","17.47","25.5","17.47","0.0","0.0",1.0,1.0,1.0,?,"","","69",
"Sony PlayStation 4","Games","Owned","Made in Abyss: Binary Star Falling into Darkness","United States of America","Official","Spike Chunsoft","Chime","Action, RPG","Sep 27, 2026","CIB","23.47","24.49","34.54","24.49","0.0","0.0",1.0,1.0,1.0,?,"","","56",
"Sony PlayStation 4","Games","Owned","Mafia III","United States of America","Official","2K Games","Hangar 13","Action, Adventure","Aug 11, 2025","CIB","10.21","10.57","18.48","10.57","0.0","0.0",1.0,1.0,1.0,?,"","","68",
"Sony PlayStation 4","Games","Owned","Marvel's Guardians of the Galaxy","United States of America","Official","Square Enix","Eidos Montreal","Action, Adventure, RPG","Sep 19, 2026","CIB","10.53","11.26","16.27","11.26","0.0","0.0",1.0,1.0,1.0,?,"","","Missing Field",
"Sony PlayStation 4","Games","Owned","Marvel's Spider-Man","United States of America","Official","Sony Computer Entertainment America, Inc.","Insomniac Games","Action, Adventure","May 14, 2026","CIB","13.05","13.39","31.73","13.39","0.0","0.0",1.0,1.0,1.0,?,"","","87",
"Sony PlayStation 4","Games","Owned","Marvel's Spider-Man: Miles Morales","United States of America","Official","Sony Computer Entertainment America, Inc.","Insomniac Games","Action, Adventure","Apr 10, 2026","CIB","15.49","16.64","26.99","16.64","0.0","0.0",1.0,1.0,1.0,?,"","","84",
"Sony PlayStation 4","Games","Owned","Mass Effect: Andromeda","United States of America","Official","Electronic Arts","BioWare","Action, RPG","Apr 26, 2026","CIB","7.94","9.5","20.45","9.5","0.0","0.0",1.0,1.0,1.0,?,"","","71",
"Sony PlayStation 4","Games","Owned","MediEvil","United States of America","Official","Sony Computer Entertainment America, Inc.","Other Ocean Interactive","Action, Adventure","Jul 11, 2026","CIB","15","15","22.5","15","0.0","0.0",?,1.0,1.0,?,"","","67",
"Sony PlayStation 4","Games","Owned","Mega Man 11","United States of America","Official","Capcom","Capcom","Action, Platformer","Aug 30, 2026","CIB","12.81","13.16","20.48","13.16","0.0","0.0",1.0,1.0,1.0,?,"","","82",
"Sony PlayStation 4","Games","Owned","Metal Gear Solid V: The Phantom Pain [Day One Edition]","United States of America","Official","Konami","Kojima Productions (Konami)","Action, Adventure","Aug 30, 2026","CIB","10.23","12.48","25.49","12.48","0.0","0.0",1.0,1.0,1.0,?,"","","93",
"Sony PlayStation 4","Games","Owned","Metal Gear Survive","United States of America","Official","Konami","Konami Digital Entertainment","Action, Adventure","Dec 29, 2025","CIB","11.33","11.38","17","11.38","0.0","0.0",1.0,1.0,1.0,?,"","","60",
"Sony PlayStation 4","Games","Owned","Middle-Earth: Shadow of Mordor","United States of America","Official","WB Games","Monolith Productions, Inc.","Action, Adventure, RPG","Aug 22, 2026","CIB","8.69","10.02","17.98","10.02","0.0","0.0",1.0,1.0,1.0,?,"","","84",
"Sony PlayStation 4","Games","Owned","Middle-Earth: Shadow of War","United States of America","Official","WB Games","Monolith Productions, Inc.","Action, RPG","Aug 22, 2026","CIB","8.23","9.39","11.42","9.39","0.0","0.0",1.0,1.0,1.0,?,"","","80",
"Sony PlayStation 4","Games","Owned","Minecraft: Story Mode - A Telltale Games Series - The Complete Adventure","United States of America","Official","Telltale Games","Telltale Games","Adventure, Point & Click","Oct 3, 2026","CIB","80.48","80.5","109.67","80.5","0.0","0.0",1.0,1.0,1.0,?,"","","Missing Field",
"Sony PlayStation 4","Games","Owned","Mirror's Edge Catalyst","United States of America","Official","Electronic Arts","DiCE","Action, Adventure","Aug 11, 2025","CIB","9","10.49","19.62","10.49","0.0","0.0",1.0,1.0,1.0,?,"","","69",
"Sony PlayStation 4","Games","Owned","Monkey King: Hero is Back","United States of America","Official","THQ Nordic","HexaDrive","Action","May 2, 2026","CIB","10.25","11.5","14.49","11.5","0.0","0.0",1.0,1.0,1.0,?,"","","61",
"Sony PlayStation 4","Games","Owned","Monster Hunter: World","Japan","Official","Capcom","Capcom","Action, RPG","Sep 7, 2025","CIB","4","85.13","150.04","85.13","0.0","0.0",1.0,1.0,1.0,?,"","","90",
"Sony PlayStation 4","Games","Owned","Mortal Kombat 11","United States of America","Official","WB Games","NetherRealm Studios","Action, Fighting","Dec 3, 2025","CIB","8.61","10.03","12.07","10.03","?","0.0",1.0,1.0,1.0,?,"","","82",
"Sony PlayStation 4","Games","Owned","Mortal Shell","United States of America","Official","PlayStack Ltd","Cold Symmetry","Action, Adventure, RPG","Oct 3, 2026","CIB","14.48","21.7","25.5","21.7","0.0","0.0",1.0,1.0,1.0,?,"","","76",
"Sony PlayStation 4","Games","Owned","My Hero One's Justice 2","United States of America","Official","Bandai Namco Entertainment","Bandai Namco Games","Fighting","Aug 30, 2026","CIB","9.18","11.62","14.77","11.62","0.0","0.0",1.0,1.0,1.0,?,"","","68",
"Sony PlayStation 4","Games","Owned","Narita Boy","United States of America","Official","Team17 Software Limited, Limited Run Games","Studio Koba","Action, Adventure","Jul 18, 2026","CIB","?","31.69","35.49","31.69","0.0","0.0",1.0,1.0,1.0,?,"","","78",
"Sony PlayStation 4","Games","Owned","New Gundam Breaker","United States of America","Official","Bandai Namco Entertainment","Bandai Namco Entertainment","Action, Fighting","Aug 11, 2025","CIB","8.52","11.02","20.45","11.02","0.0","0.0",1.0,1.0,1.0,?,"","","43",
"Sony PlayStation 4","Games","Owned","Ni No Kuni II : Revenant Kingdom [Day One Edition]","United States of America","Official","Bandai Co., Ltd.","Level-5","Action, RPG","Jan 12, 2026","CIB","-1.0", "-1.0", "-1.0", "-1.0","?","0.0",1.0,1.0,1.0,?,"","","84",
"Sony PlayStation 4","Games","Owned","Ni no Kuni: Wrath of the White Witch Remastered","United States of America","Official","Bandai Namco Entertainment","Level-5","RPG","Jun 28, 2026","CIB","15.5","19.45","24.18","19.45","0.0","0.0",1.0,1.0,1.0,?,"","","86",
"Sony PlayStation 4","Games","Owned","NieR Replicant ver.1.22474487139...","United States of America","Official","Square Enix","Toylogic Inc.","Action, RPG","Apr 20, 2026","CIB","22.5","22.99","30.49","22.99","0.0","0.0",1.0,1.0,1.0,?,"","","83",
"Sony PlayStation 4","Games","Owned","NieR: Automata [Day One Edition]","United States of America","Official","Square Enix","PlatinumGames","Action, RPG","Nov 21, 2025","CIB","15.49","15.73","74.9","15.73","?","0.0",1.0,1.0,1.0,?,"","","88",
"Sony PlayStation 4","Games","Owned","Nioh","United States of America","Official","Sony Interactive Entertainment","Team Ninja","Action, RPG","Aug 10, 2025","CIB","7.5","7.85","13.91","7.85","?","0.0",1.0,1.0,1.0,?,"","","88",
"Sony PlayStation 4","Games","Owned","Nioh 2","United States of America","Official","Koei Tecmo","Team Ninja","Action, RPG","Nov 28, 2025","CIB","9","13.42","14","13.42","0.0","0.0",1.0,1.0,1.0,?,"","","85",
"Sony PlayStation 4","Games","Owned","No Man's Sky","United States of America","Official","Hello Games","Hello Games","Adventure","Aug 11, 2025","CIB","10.49","10.75","25.49","10.75","0.0","0.0",1.0,1.0,1.0,?,"","","71",
"Sony PlayStation 4","Games","Owned","No More Heroes III [Day 1 Edition]","United States of America","Official","XSEED Games","Grasshopper Manufacture","Action, Adventure","Jun 14, 2026","CIB+","19.5","22.09","29.93","22.09","0.0","0.0",1.0,1.0,1.0,?,"","","Missing Field",
"Sony PlayStation 4","Games","Owned","Odin Sphere Leifthrasir","United States of America","Official","Vanillaware Ltd.","Atlus U.S.A., Inc.","Action, RPG","Jul 11, 2026","CIB","26.95","30.24","35.49","30.24","0.0","0.0",?,1.0,1.0,?,"","","87",
"Sony PlayStation 4","Games","Owned","Ōkami HD","Japan","Official","Capcom","Clover Studio","Action, Adventure","Sep 7, 2025","CIB","-1.0", "-1.0", "-1.0", "-1.0","0.0","0.0",1.0,1.0,1.0,?,"","","87",
"Sony PlayStation 4","Games","Owned","Omen of Sorrow","United States of America","Official","Soedesco","AOne Games","Action, Fighting","Sep 27, 2026","CIB","13.41","15.34","17.3","15.34","0.0","0.0",1.0,1.0,1.0,?,"","","64",
"Sony PlayStation 4","Games","Owned","One Punch Man A Hero Nobody Knows","United States of America","Official","Bandai Namco Entertainment","Bandai Namco Entertainment","Action, Fighting","Sep 26, 2026","CIB","15.75","19.23","31.99","19.23","0.0","0.0",1.0,1.0,1.0,?,"","","57",
"Sony PlayStation 4","Games","Owned","Onimusha: Warlords","United States of America","Official","Capcom","NeoBards Entertainment","Action, Adventure, Horror","Sep 20, 2026","CIB","25.45","29.29","34.82","29.29","0.0","0.0",1.0,1.0,1.0,?,"","","73",
"Sony PlayStation 4","Games","Owned","Outward","United States of America","Official","Deep Silver","Nine Dots Studio","Action, Adventure, RPG, Fighting","Jul 25, 2026","CIB","23.59","24.62","28.6","24.62","0.0","0.0",0.90000004,1.0,1.0,?,"","","62",
"Sony PlayStation 4","Games","Owned","Overwatch: Legendary Edition","United States of America","Official","Blizzard Entertainment","Blizzard Entertainment","Action, First-person shooter","Aug 15, 2026","CIB+","7.15","7.92","17.87","7.92","0.0","0.0",1.0,1.0,1.0,?,"","","Missing Field",
"Sony PlayStation 4","Games","Owned","Pac-Man Championship Edition 2","United States of America","Official","Bandai Namco Entertainment","Bandai Namco Entertainment","Action, Strategy","Dec 12, 2025","CIB","8.46","11.83","15.5","11.83","0.0","0.0",1.0,1.0,1.0,?,"","","77",
"Sony PlayStation 4","Games","Owned","Persona 5 [Playstation Hits]","United States of America","Official","Atlus U.S.A., Inc.","P-Studio","RPG","Jan 12, 2026","CIB","6.53","9.27","11.5","9.27","?","0.0",1.0,1.0,1.0,?,"","","93",
"Sony PlayStation 4","Games","Owned","Plants vs. Zombies: Battle for Neighborville","United States of America","Official","Electronic Arts","PopCap Games","Third-person shooter","Aug 30, 2026","CIB","7.38","9.99","14.55","9.99","0.0","0.0",1.0,1.0,1.0,?,"","","77",
"Sony PlayStation 4","Systems","Owned","PlayStation 4 Console 500GB","United States of America","Official","Sony","Missing Field","Missing Field","Jan 30, 2026","Loose","97","143","219.48","97","0.0","0.0",1.0,?,?,?,"","","Missing Field",
"Sony PlayStation 4","Games","Owned","Pocky & Rocky Reshrined","United States of America","Official","Natsume","Natsume","Shoot 'em up","Apr 5, 2026","CIB","18.73","20.55","29.45","20.55","0.0","0.0",1.0,1.0,1.0,?,"","","77",
"Sony PlayStation 4","Games","Owned","Power Rangers: Battle for the Grid Super Edition","United States of America","Official","Maximum Games","nWay","Fighting","Jul 5, 2026","CIB","18.23","22.37","25.49","22.37","0.0","0.0",1.0,1.0,1.0,?,"","","Missing Field",
"Sony PlayStation 4","Games","Owned","Prince Of Persia: The Lost Crown","United States of America","Official","Ubisoft","Ubisoft Montpellier","Platformer","Sep 20, 2026","CIB","17.48","20.48","21.51","20.48","0.0","0.0",1.0,1.0,1.0,?,"","","Missing Field",
"Sony PlayStation 4","Games","Owned","Rainbow Billy: The Curse of the Leviathan","United States of America","Official","SkyBound Games","ManaVoid Entertainment","Adventure, RPG, Platformer","May 10, 2026","CIB","12.62","13.51","13.5","13.51","0.0","0.0",1.0,1.0,1.0,?,"","","80",
"Sony PlayStation 4","Games","Owned","Ratchet & Clank [PlayStation Hits]","United States of America","Official","Sony Interactive Entertainment","Insomniac Games","First-person shooter, Platformer","Aug 17, 2025","CIB","9","12.29","14.78","12.29","0.0","0.0",1.0,1.0,1.0,?,"","","85",
"Sony PlayStation 4","Games","Owned","RayStorm x RayCrisis HD Collection","United States of America","Official","ININ Games","Taito","Action, Shoot 'em up","Oct 1, 2026","CIB","28.24","30.49","43.36","30.49","0.0","0.0",1.0,1.0,1.0,?,"","","Missing Field",
"Sony PlayStation 4","Games","Owned","Red Dead Redemption","United States of America","Official","Rockstar Games","Double Eleven, Rockstar San Diego","Action, Adventure","Aug 22, 2026","CIB","18.62","20.39","24.49","20.39","0.0","0.0",1.0,1.0,1.0,?,"","","Missing Field",
"Sony PlayStation 4","Games","Owned","Red Dead Redemption II","United States of America","Official","Rockstar Games","Rockstar Games","Action, Adventure","Apr 24, 2026","CIB","11.84","14.97","21.47","14.97","0.0","0.0",1.0,1.0,1.0,?,"","","97",
"Sony PlayStation 4","Games","Owned","Remothered: Tormented Fathers","United States of America","Official","Soedesco","Stormind Games","Action, Adventure","Jul 3, 2026","CIB","22.28","22.99","43.48","22.99","0.0","0.0",1.0,1.0,1.0,?,"","","75",
"Sony PlayStation 4","Games","Owned","Resident Evil 4","Brazil","Official","Capcom","Capcom","Action, Horror","Dec 3, 2025","CIB","-1.0", "-1.0", "-1.0", "-1.0","?","0.0",1.0,1.0,1.0,?,"","","82",
"Sony PlayStation 4","Games","Owned","Resident Evil: Origins Collection","United States of America","Official","Capcom","Capcom","Action, Adventure","Aug 7, 2026","CIB","17.95","18.5","23.74","18.5","0.0","0.0",1.0,1.0,1.0,?,"
","","Missing Field",
"Sony PlayStation 4","Games","Owned","River City Melee","United States of America","Official","H2 Interactive Co. Ltd., Limited Run Games","Arc System Works Co., Ltd.","Action, Adventure, Sports","Jul 18, 2026","New","17.77","25.66","21.31","21.31","0.0","0.0",?,1.0,?,?,"","","Missing Field",
"Sony PlayStation 4","Games","Owned","Rock Boshers DX: Director's Cut","United States of America","Official","Tikipod","Tikipod","Action, Adventure","May 23, 2026","CIB","11.5","12.5","16.88","12.5","0.0","0.0",1.0,1.0,1.0,?,"","","74",
"Sony PlayStation 4","Games","Owned","Sackboy: A Big Adventure","United States of America","Official","Sony Computer Entertainment America, Inc.","Sumo Digital Ltd.","Puzzle, Sandbox, Platformer","Jul 18, 2026","CIB","17.3","17.68","23.91","17.68","0.0","0.0",1.0,1.0,1.0,?,"","","83",
"Sony PlayStation 4","Games","Owned","Saints Row: The Third Remastered","United States of America","Official","Deep Silver","Volition, Inc.","Action, Sandbox","Sep 20, 2026","CIB","12.86","13.49","23.76","13.49","0.0","0.0",1.0,1.0,1.0,?,"","","74",
"Sony PlayStation 4","Games","Owned","Scribblenauts Mega Pack","United States of America","Official","WB Games","WB Games","Action, Puzzle","Jul 5, 2026","CIB","9.08","10.47","10.57","10.47","0.0","0.0",1.0,1.0,1.0,?,"","","79",
"Sony PlayStation 4","Games","Owned","Sekiro: Shadows Die Twice","United States of America","Official","Activision","FromSoftware, Inc.","Action, Adventure","Aug 28, 2026","CIB","40.49","45.02","73.2","45.02","0.0","0.0",1.0,1.0,1.0,?,"","","90",
"Sony PlayStation 4","Games","Owned","SG/ZH: School Girl Zombie Hunter","United States of America","Official","Aksys Games","Tamsoft Corporation","First-person shooter","Sep 20, 2026","CIB","20.48","21.86","24.49","21.86","0.0","0.0",1.0,1.0,1.0,?,"","","59",
"Sony PlayStation 4","Games","Owned","Shadow of the Colossus","United States of America","Official","Sony Interactive Entertainment","Bluepoint Games SIE Japan Studio","Action, Adventure","Aug 22, 2026","CIB","34.86","40.5","65.47","40.5","0.0","0.0",1.0,1.0,1.0,?,"","","91",
"Sony PlayStation 4","Games","Owned","Shadows: Awakening","United States of America","Official","Kalypso Media","Kalypso Media","Action","Jul 11, 2026","CIB","14.22","14.96","19.72","14.96","0.0","0.0",?,1.0,1.0,?,"","","72",
"Sony PlayStation 4","Games","Owned","Shenmue I & II","United States of America","Official","Sega, Sega of America, Inc.","d3t, Sega, Sega AM2 R&D Division","Action, Adventure, RPG, Fighting","Sep 12, 2026","CIB","21.64","23.79","29.45","23.79","0.0","0.0",1.0,1.0,1.0,?,"","","75",
"Sony PlayStation 4","Games","Owned","Shenmue III","United States of America","Official","Deep Silver","Ys Net","Action, Adventure, RPG, Fighting","May 23, 2026","CIB","9.42","10.69","17.48","10.69","0.0","0.0",1.0,1.0,1.0,?,"","","67",
"Sony PlayStation 4","Games","Owned","Shin Megami Tensei III: Nocturne HD Remaster","United States of America","Official","Atlus Co., Ltd., Sega","Atlus Co., Ltd.","Action, RPG","Jul 30, 2026","CIB","10.99","11.21","15.43","11.21","0.0","0.0",1.0,1.0,1.0,?,"","","76",
"Sony PlayStation 4","Games","Owned","Sid Meier's Civilization VI","United States of America","Official","2K Games","Aspyr","Strategy","Oct 3, 2026","CIB","11.14","14.52","17.48","14.52","0.0","0.0",1.0,1.0,1.0,?,"","","87",
"Sony PlayStation 4","Games","Owned","Skater XL","United States of America","Official","Missing Field","Easy Day Studios Pty Ltd","Sports","May 16, 2026","CIB","8.98","10.61","19.23","10.61","0.0","0.0",1.0,0.8,1.0,?,"","","57",
"Sony PlayStation 4","Games","Owned","Sleeping Dogs: Definitive Edition","United States of America","Official","Square Enix","United Front Games","Action, Sandbox","Aug 20, 2026","CIB","18.48","20.48","25.49","20.48","0.0","0.0",1.0,1.0,1.0,?,"","","77",
"Sony PlayStation 4","Games","Owned","Soul Hackers 2","United States of America","Official","Atlus Co., Ltd.","Atlus","Action, Adventure, RPG","Jul 31, 2026","New","11.37","13.56","15.49","15.49","0.0","0.0",?,1.0,?,?,"","","71",
"Sony PlayStation 4","Games","Owned","Sparklite","United States of America","Official","Merge Games","Red Blue Games","Action, RPG","Jul 18, 2026","CIB","11.49","15.49","23.48","15.49","0.0","0.0",1.0,1.0,1.0,?,"","","72",
"Sony PlayStation 4","Games","Owned","SpellForce III: Reforced","United States of America","Official","THQ Nordic","Grimlore Games","Action, Adventure, RPG, Strategy","May 16, 2026","CIB","10.57","12.5","19.98","12.5","0.0","0.0",1.0,1.0,1.0,?,"","","Missing Field",
"Sony PlayStation 4","Games","Owned","SpongeBob SquarePants: Battle for Bikini Bottom Rehydrated","United States of America","Official","THQ Nordic","Purple Lamp Studios","Action, Adventure, Platformer","Jul 19, 2026","CIB","11.25","12.49","25.49","12.49","0.0","0.0",1.0,1.0,1.0,?,"","","Missing Field",
"Sony PlayStation 4","Games","Owned","Star Ocean: Integrity and Faithlessness [Day One Edition]","United States of America","Official","Square Enix","tri-Ace","RPG","May 16, 2026","CIB","13.11","14.29","33.49","14.29","0.0","0.0",1.0,1.0,1.0,?,"","","58",
"Sony PlayStation 4","Games","Owned","Star Wars Jedi: Fallen Order","United States of America","Official","Electronic Arts","Respawn Entertainment","Action, Adventure, RPG","Aug 17, 2025","CIB","6.5","8.43","13.5","8.43","0.0","0.0",1.0,1.0,1.0,?,"","","79",
"Sony PlayStation 4","Games","Owned","Star Wars Racer & Commando Combo","United States of America","Official","Disney Interactive","Aspyr","Racing, First-person shooter","May 8, 2026","CIB","20.48","20.69","27.32","20.69","0.0","0.0",1.0,1.0,1.0,?,"","","Missing Field",
"Sony PlayStation 4","Games","Owned","Star Wars: Squadrons","United States of America","Official","Electronic Arts","Motive Studios","First-person shooter","Jan 18, 2026","CIB","6.25","9.86","13.65","9.86","0.0","0.0",1.0,1.0,1.0,?,"","","79",
"Sony PlayStation 4","Games","Owned","Stardew Valley [Collector's Edition]","United States of America","Official","505 Games","Sickhead Games, LLC","Management Sim, RPG","Aug 11, 2025","CIB","35.15","40.5","76.64","40.5","0.0","0.0",1.0,1.0,1.0,?,"","","86",
"Sony PlayStation 4","Games","Owned","Starlink: Battle for Atlas","United States of America","Official","Ubisoft Entertainment","Ubisoft","Action, Adventure","Jan 12, 2026","CIB","8.4","9.52","6.33","9.52","?","0.0",1.0,1.0,1.0,?,"","","70",
"Sony PlayStation 4","Games","Owned","Stick it to the Man!","United States of America","Official","Ripstone","Zoink!","Action, Platformer","May 23, 2026","CIB","6.82","9.61","18.8","9.61","0.0","0.0",1.0,1.0,1.0,?,"","","75",
"Sony PlayStation 4","Games","Owned","Story of Seasons: Friends of Mineral Town","United States of America","Official","Marvelous","Marvellous Entertainment","RPG, Life Sim","Jan 12, 2026","CIB","14.47","15.49","27.03","15.49","?","0.0",1.0,1.0,1.0,?,"","","Missing Field",
"Sony PlayStation 4","Games","Owned","Strange Brigade","United States of America","Official","Rebellion","Rebellion","Action, First-person shooter","May 17, 2026","Boxed","10.5","13.26","15.87","13.26","0.0","0.0",1.0,1.0,?,?,"","","73",
"Sony PlayStation 4","Games","Owned","Stray","United States of America","Official","Annapurna Interactive, iam8bit","BlueTwelve Studio","Action, Adventure, Puzzle, Platformer","Jun 28, 2026","CIB","21.91","23.26","25.49","23.26","0.0","0.0",1.0,1.0,1.0,?,"","","Missing Field",
"Sony PlayStation 4","Games","Owned","Streets of Rage 4: Anniversary Edition","United States of America","Official","Merge Games","DotEmu","Action, Fighting, Beat 'em up","Sep 20, 2026","CIB","20.39","20.45","22.28","20.45","0.0","0.0",1.0,1.0,1.0,?,"","","Missing Field",
"Sony PlayStation 4","Games","Owned","Streets of Red: Devil's Dare Deluxe","United States of America","Official","PM Studios, Secret Base","Secret Base","Flight Sim, Horror, Beat 'em up","Sep 20, 2026","CIB","20.48","20.5","28.47","20.5","0.0","0.0",1.0,1.0,1.0,?,"","","Missing Field",
"Sony PlayStation 4","Games","Owned","Super Street: The Game","United States of America","Official","GS2 Games","GS2 Games","Racing","Aug 2, 2026","CIB","7.37","9.3","16.07","9.3","0.0","0.0",1.0,1.0,1.0,?,"","","Missing Field",
"Sony PlayStation 4","Games","Owned","SuperEpic: The Entertainment War","United States of America","Official","PM Studios","Undercoders","Action, Platformer","Jul 18, 2026","New","?","10","20.48","20.48","0.0","0.0",?,?,?,?,"","","Missing Field",
"Sony PlayStation 4","Games","Owned","Sword Art Online: Alicization Lycoris","United States of America","Official","Bandai Namco Entertainment","Aquria","RPG","Aug 30, 2026","CIB","9.98","13.49","23.91","13.49","0.0","0.0",1.0,1.0,1.0,?,"","","58",
"Sony PlayStation 4","Games","Owned","Sword Art Online: Fatal Bullet","United States of America","Official","Bandai Namco Entertainment","Dimps Corporation","Action, First-person shooter","May 10, 2026","CIB","11.8","12.63","17.42","12.63","0.0","0.0",1.0,1.0,1.0,?,"","","64",
"Sony PlayStation 4","Games","Owned","Sword Art Online: Lost Song","United States of America","Official","Bandai Namco of America","Bandai America, Inc.","RPG","May 10, 2026","CIB","9.24","9.81","12.06","9.81","0.0","0.0",1.0,1.0,1.0,?,"","","63",
"Sony PlayStation 4","Games","Owned","Syberia 3","United States of America","Official","Microids","Microids","Adventure","May 8, 2026","CIB","9.19","9.61","15.6","9.61","0.0","0.0",1.0,1.0,1.0,?,"","","48",
"Sony PlayStation 4","Games","Owned","Tales of Arise","United States of America","Official","Bandai Namco Entertainment","Bandai Namco Entertainment","Action, Adventure, RPG","May 8, 2026","CIB","9.8","11.19","14.4","11.19","0.0","0.0",1.0,1.0,1.0,?,"","","82",
"Sony PlayStation 4","Games","Owned","Tales of Berseria","United States of America","Official","Bandai Namco Entertainment","Bandai Namco Entertainment","RPG","May 8, 2026","CIB","10.25","15.46","25.75","15.46","0.0","0.0",1.0,1.0,1.0,?,"","","79",
"Sony PlayStation 4","Games","Owned","Tales of Zestiria","United States of America","Official","Bandai Namco Entertainment","Bandai Namco Entertainment","RPG","May 9, 2026","CIB","11.21","12.18","48.98","12.18","0.0","0.0",1.0,1.0,1.0,?,"","","72",
"Sony PlayStation 4","Games","Owned","Tearaway Unfolded: Crafted Edition","United States of America","Official","SCEA","Media Molecule","Platformer","Sep 19, 2026","Boxed","12.74","15.5","25","15.5","0.0","0.0",1.0,1.0,1.0,?,"","","81",
"Sony PlayStation 4","Games","Owned","Terra Trilogy","United States of America","Official","GS2 Games","GS2 Games","Action, Adventure","Jul 5, 2026","CIB","6.5","8.88","12.44","8.88","0.0","0.0",1.0,1.0,1.0,?,"","","Missing Field",
"Sony PlayStation 4","Games","Owned","Terraria","United States of America","Official","505 Games","505 Games","Action, Adventure","May 10, 2026","CIB","9","9.66","17.76","9.66","0.0","0.0",1.0,1.0,1.0,?,"","","83",
"Sony PlayStation 4","Games","Owned","Callisto Protocol [Day One Edition]","United States of America","Official","Krafton Inc.","Striking Distance Studios","Action, Adventure","Apr 26, 2026","CIB","7.75","12.68","15.23","12.68","0.0","0.0",1.0,1.0,1.0,?,"","","Missing Field",
"Sony PlayStation 4","Games","Owned","Dark Pictures Anthology: Man of Medan","United States of America","Official","Bandai Namco Entertainment","Supermassive Games","RPG, Horror","May 9, 2026","CIB","13.84","14.53","23.83","14.53","0.0","0.0",1.0,1.0,1.0,?,"
","","69",
"Sony PlayStation 4","Games","Owned","Evil Within 2","United States of America","Official","Bethesda Softworks","Tango gameworks","Action, Horror","Jul 11, 2026","CIB","14.37","15.45","25.68","15.45","0.0","0.0",?,1.0,1.0,?,"","","76",
"Sony PlayStation 4","Games","Owned","Girl and the Robot [Deluxe Edition]","United States of America","Official","Soedesco","Flying Carpet Games","Action, Puzzle, Strategy","Sep 20, 2026","CIB","11.8","15.37","18.12","15.37","0.0","0.0",1.0,1.0,1.0,?,"","","Missing Field",
"Sony PlayStation 4","Games","Owned","Heavy Rain & Beyond: Two Souls Collection","United States of America","Official","Sony Computer Entertainment","Quantic Dream","Adventure","Aug 15, 2026","CIB","20.48","21.29","28.49","21.29","0.0","0.0",1.0,1.0,1.0,?,"","","78",
"Sony PlayStation 4","Games","Owned","Inner World: The Last Wind Monk","United States of America","Official","Kalypso Media","Studio Fizbin","Adventure, Puzzle","Aug 1, 2026","CIB","9.23","9.93","15.87","9.93","0.0","0.0",1.0,1.0,1.0,?,"","","Missing Field",
"Sony PlayStation 4","Games","Owned","Last Guardian","United States of America","Official","Sony","genDESIGN","Action, Adventure","Aug 11, 2025","CIB","14.49","17.86","20.5","17.86","0.0","0.0",1.0,1.0,1.0,?,"","","82",
"Sony PlayStation 4","Games","Owned","Last Kids on Earth and the Staff of Doom","United States of America","Official","Outright Games","Stage Clear Studios","Adventure","Jul 3, 2026","CIB","8.89","9.44","10.51","9.44","0.0","0.0",1.0,1.0,1.0,?,"","","Missing Field",
"Sony PlayStation 4","Games","Owned","Last of Us Part II","United States of America","Official","Sony Interactive Entertainment","Naughty Dog Software","Action, Adventure","Oct 1, 2026","CIB","14.49","15.5","20.5","15.5","0.0","0.0",1.0,1.0,1.0,?,"","","93",
"Sony PlayStation 4","Games","Owned","Last of Us Remastered","United States of America","Official","Sony Computer Entertainment, Sony Computer Entertainment America","Naughty Dog Software","Action, Adventure","Aug 11, 2025","CIB","8.73","9.68","14.06","9.68","0.0","0.0",1.0,1.0,1.0,?,"","","95",
"Sony PlayStation 4","Games","Owned","Lord of the Rings: Gollum","United States of America","Official","Nacon","Daedalic Entertainment","Action, Adventure","Sep 7, 2025","CIB","13.77","16.8","20.48","16.8","0.0","0.0",1.0,1.0,1.0,?,"","","Missing Field",
"Sony PlayStation 4","Games","Owned","Order 1886","United States of America","Official","SCEA","Ready at Dawn","Action, Adventure, First-person shooter","Jun 23, 2026","CIB","12.79","13.96","23.52","13.96","0.0","0.0",1.0,1.0,1.0,?,"","","63",
"Sony PlayStation 4","Games","Owned","Outer Worlds","United States of America","Official","Private Division","Obsidian Entertainment","RPG, Third-person shooter","May 14, 2026","CIB","9.13","10.36","13.99","10.36","0.0","0.0",1.0,1.0,1.0,?,"","","85",
"Sony PlayStation 4","Games","Owned","Quarry","United States of America","Official","2K Games","Supermassive Games Ltd.","Adventure, Horror","Sep 24, 2026","CIB","13.76","14.47","15.96","14.47","0.0","0.0",1.0,1.0,1.0,?,"","","Missing Field",
"Sony PlayStation 4","Games","Owned","Raven Remastered","United States of America","Official","THQ Nordic","THQ Nordic","Adventure, Point & Click","Jul 5, 2026","CIB","8.47","11.13","12.94","11.13","0.0","0.0",1.0,1.0,1.0,?,"","","72",
"Sony PlayStation 4","Games","Owned","Sims 4 [Cats & Dogs Bundle]","United States of America","Official","Electronic Arts","Maxis","Life Sim","Aug 11, 2025","CIB","10.13","10.57","19.45","10.57","0.0","0.0",1.0,1.0,1.0,?,"","","Missing Field",
"Sony PlayStation 4","Games","Owned","Sinking City","United States of America","Official","Bigben Interactive GmbH","Frogwares Games Development Studio","Action, Adventure","May 24, 2026","CIB","16.42","18.46","33.7","18.46","0.0","0.0",1.0,1.0,1.0,?,"","","64",
"Sony PlayStation 4","Games","Owned","Sojourn","United States of America","Official","Iceberg Interactive","Shifting Tides","Puzzle","Jul 31, 2026","CIB","13.49","14.75","20.45","14.75","0.0","0.0",1.0,1.0,1.0,?,"","","71",
"Sony PlayStation 4","Games","Owned","Technomancer","United States of America","Official","Focus Home Interactive","Spiders","Action, RPG","Jul 5, 2026","CIB","8.69","9.25","17.02","9.25","0.0","0.0",1.0,1.0,1.0,?,"","","60",
"Sony PlayStation 4","Games","Owned","Walking Dead: The Telltale Definitive Series","United States of America","Official","SkyBound Games","Telltale Games","Adventure, RPG, Horror","Aug 13, 2026","Loose+","13.49","14.24","15.99","13.49","0.0","0.0",1.0,?,1.0,?,"","","82",
"Sony PlayStation 4","Games","Owned","Witcher III: Wild Hunt [Complete Edition]","United States of America","Official","WB Games","CD Projekt RED Sp. z o.o.","Action, RPG","Dec 20, 2025","CIB","14.49","20.48","39.02","20.48","0.0","0.0",1.0,1.0,1.0,?,"","","Missing Field",
"Sony PlayStation 4","Games","Owned","Wonderful 101: Remastered","United States of America","Official","Nintendo","PlatinumGames","Action, Adventure, RPG","Aug 22, 2026","CIB","16.64","20.48","25.49","20.48","0.0","0.0",1.0,1.0,1.0,?,"","","76",
"Sony PlayStation 4","Games","Owned","Yakuza Remastered Collection","United States of America","Official","Sega","Ryu ga Gotoku Studio","Action, Adventure, Sandbox","Aug 9, 2026","CIB","23.41","27.14","32.57","27.14","0.0","0.0",1.0,1.0,1.0,?,"","","83",
"Sony PlayStation 4","Games","Owned","Time on Frog Island","United States of America","Official","Merge Games","Half Past Yellow","Adventure","May 14, 2026","CIB","?","11.5","12.87","11.5","0.0","0.0",1.0,1.0,1.0,?,"","","Missing Field",
"Sony PlayStation 4","Games","Owned","Titanfall 2","United States of America","Official","Electronic Arts","Respawn Entertainment","Action, First-person shooter","Aug 2, 2026","CIB","6.99","7.13","12.81","7.13","0.0","0.0",1.0,1.0,1.0,?,"","","89",
"Sony PlayStation 4","Games","Owned","TMNT: Mutants Unleashed","United States of America","Official","Outright Games","AHEARTFULOFGAMES","Beat 'em up","Nov 2, 2025","CIB","10.87","15.5","20.47","15.5","0.0","0.0",1.0,1.0,1.0,?,"","","Missing Field",
"Sony PlayStation 4","Games","Owned","Tokyo Xanadu eX+","United States of America","Official","Aksys Games","Falcom","Action, RPG","Apr 5, 2026","CIB","20.23","22.98","30.75","22.98","0.0","0.0",1.0,1.0,1.0,?,"","","75",
"Sony PlayStation 4","Games","Owned","Tom Clancy's Ghost Recon Wildlands","United States of America","Official","Ubisoft Entertainment","Ubisoft Paris","First-person shooter","Aug 30, 2026","CIB","8.77","9.69","20.48","9.69","0.0","0.0",1.0,1.0,1.0,?,"","","70",
"Sony PlayStation 4","Games","Owned","Tom Clancy's Ghost Recon: Breakpoint","United States of America","Official","Ubisoft Entertainment","Ubisoft Paris, Ubisoft San Francisco","Action, Adventure","Aug 30, 2026","CIB","10.28","11.72","15.02","11.72","0.0","0.0",1.0,1.0,1.0,?,"","","56",
"Sony PlayStation 4","Games","Owned","Tom Clancy's The Division","United States of America","Official","Ubisoft","Massive Entertainment","Third-person shooter","Dec 3, 2025","CIB","6.5","8.39","13.98","8.39","0.0","0.0",1.0,1.0,1.0,?,"","","80",
"Sony PlayStation 4","Games","Owned","Tom Clancy's The Division 2","United States of America","Official","Ubisoft Entertainment","Massive Entertainment","Action, MMO, Third-person shooter","Dec 3, 2025","CIB","8.61","9.94","11.48","9.94","0.0","0.0",1.0,1.0,1.0,?,"","","82",
"Sony PlayStation 4","Games","Owned","Tomb Raider I-III Remastered","United States of America","Official","Aspyr Media, Inc.","Aspyr Media, Inc., Core Design Ltd., Crystal Dynamics, Inc.","Action, Adventure, Puzzle, Third-person shooter","Aug 23, 2026","CIB","25.49","25.93","29.36","25.93","0.0","0.0",?,1.0,1.0,?,"","","Missing Field",
"Sony PlayStation 4","Games","Owned","Tomb Raider IV-VI Remastered","United States of America","Official","Aspyr Media, Inc.","Crystal Dynamics","Action, Adventure","Aug 23, 2026","CIB","23.85","27.22","30.48","27.22","0.0","0.0",?,1.0,1.0,?,"","","Missing Field",
"Sony PlayStation 4","Games","Owned","Tomb Raider: Definitive Edition","United States of America","Official","Square Enix","Crystal Dynamics, Inc.","Action, Adventure","May 14, 2026","CIB","10.11","10.5","18.23","10.5","0.0","0.0",1.0,1.0,1.0,?,"","","85",
"Sony PlayStation 4","Games","Owned","Tony Hawk’s Pro Skater 3 + 4","United States of America","Official","Activision","Iron Galaxy Studios","Sports","Sep 5, 2026","New","18.93","25.3","32.5","32.5","22","0.0",?,?,?,?,"","","Missing Field",
"Sony PlayStation 4","Games","Owned","Torment: Tides of Numenera","United States of America","Official","Techland Sp. z o.o.","inXile Entertainment, Inc.","RPG","Aug 1, 2026","CIB","8.72","10.49","14.27","10.49","0.0","0.0",1.0,1.0,1.0,?,"","","76",
"Sony PlayStation 4","Games","Owned","Tormented Souls","United States of America","Official","PQube","Dual Effect","Adventure, Horror","Sep 26, 2026","CIB","20.47","21.74","26","21.74","0.0","0.0",1.0,1.0,1.0,?,"","","Missing Field",
"Sony PlayStation 4","Games","Owned","Tower of Guns [Special Edition]","United States of America","Official","Soedesco","Terrible Posture Games","First-person shooter","May 10, 2026","CIB","18.09","20.5","65.94","20.5","0.0","0.0",1.0,1.0,1.0,?,"","","69",
"Sony PlayStation 4","Games","Owned","Toy Soldiers: War Chest [Hall of Fame Edition]","United States of America","Official","Ubisoft Entertainment","Signal Studios","Action, Strategy","Aug 2, 2026","CIB","8.1","9.33","17.84","9.33","0.0","0.0",1.0,1.0,1.0,?,"","","Missing Field",
"Sony PlayStation 4","Games","Owned","Tribes of Midgard [Deluxe Edition]","United States of America","Official","Gearbox Software LLC","Gearbox","Action, Adventure","Jan 18, 2026","CIB","6.67","9.21","9.86","9.21","0.0","0.0",1.0,1.0,1.0,?,"","","Missing Field",
"Sony PlayStation 4","Games","Owned","Two Point Hospital","United States of America","Official","Sega","Two Point Studios","Management Sim","May 10, 2026","CIB","9.99","10.11","12.24","10.11","0.0","0.0",1.0,1.0,1.0,?,"","","82",
"Sony PlayStation 4","Games","Owned","Uncharted 4: A Thief's End","United States of America","Official","Sony Computer Entertainment America, Inc.","Naughty Dog Software","Action, Adventure","Aug 11, 2025","CIB","6.5","7.37","15.5","7.37","?","0.0",1.0,1.0,1.0,?,"","","93",
"Sony PlayStation 4","Games","Owned","Uncharted: The Lost Legacy","United States of America","Official","Sony Computer Entertainment America, Inc.","Naughty Dog Software","Action, Adventure","May 10, 2026","CIB","7.46","9.49","25.49","9.49","0.0","0.0",1.0,1.0,1.0,?,"","","84",
"Sony PlayStation 4","Games","Owned","Uncharted: The Nathan Drake Collection [Not for Resale]","United States of America","Not For Resale","SCEA","Naughty Dog Software","Action, Adventure","Aug 7, 2026","CIB","11.49","12.09","19.98","12.09","0.0","0.0",1.0,1.0,1.0,?,"","","86",
"Sony PlayStation 4","Games","Owned","Utawarerumono: Mask of Truth","United States of America","Official","Atlus U.S.A., Inc.","Aquaplus","Adventure, RPG","Jul 3, 2026","CIB","15.15","15.94","20.47","15.94","0.0","0.0",1.0,1.0,1.0,?,"","","75",
"Sony PlayStation 4","Games","Owned","Valkyria Chronicles 4","United States of America","Official","Sega","Sega","RPG, Strategy","May 16, 2026","CIB","14.46","16.23","22.17","16.23","0.0","0.0",1.0,1.0,1.0,?,"","","85",
"Sony PlayStation 4","Games","Owned","Valkyria Chronicles Remastered","United States of America","Official","Sega","SEGA Studios USA","Action","Aug 30, 2026","CIB","14","16.38","25.99","16.38","0.0","0.0",1.0,1.0,1.0,?,"","","84",
"Sony PlayStation 4","Games","Owned","Valkyrie Elysium","United States of America","Official","Square Enix","Square Enix","Action, RPG","Apr 5, 2026","CIB","12.49","14.49","21.09","14.49","0.0","0.0",1.0,1.0,1.0,?,"","","Missing Field",
"Sony PlayStation 4","Games","Owned","Vampyr","United States of America","Official","Focus Home Interactive","DONTNOD Entertainment","Action, RPG","Nov 28, 2025","CIB","14.25","14.25","36.02","14.25","0.0","0.0",1.0,1.0,1.0,?,"","","70",
"Sony PlayStation 4","Games","Owned","Vikings: Wolves of Midgard","United States of America","Official","Kalypso Media","Games Farm","Action, RPG","Dec 20, 2025","CIB","11.71","12.68","22.92","12.68","0.0","0.0",1.0,1.0,1.0,?,"","","67",
"Sony PlayStation 4","Games","Owned","Wargroove [Deluxe Edition]","United States of America","Official","Chucklefish Games","Chucklefish","Action, Adventure, RPG, Strategy","May 10, 2026","CIB","9.71","13.45","14.48","13.45","0.0","0.0",1.0,1.0,1.0,?,"","","84",
"Sony PlayStation 4","Games","Owned","Warhammer: The End Times - Vermintide","United States of America","Official","THQ Nordic","Fatshark AB","Action, First-person shooter","May 10, 2026","CIB","9.86","10.72","15.68","10.72","0.0","0.0",1.0,1.0,1.0,?,"","","73",
"Sony PlayStation 4","Games","Owned","Watch Dogs","United States of America","Official","Ubisoft Entertainment","Ubisoft Montreal","Action, Adventure, Sandbox","Aug 28, 2026","CIB","7.12","7.49","25.09","7.49","0.0","0.0",1.0,1.0,1.0,?,"","","80",
"Sony PlayStation 4","Games","Owned","Watch Dogs 2","United Kingdom","Official","Ubisoft","Ubisoft Montreal","Action, Adventure","Aug 28, 2026","CIB","5.99","7.65","9.51","7.65","0.0","0.0",1.0,1.0,1.0,?,"","","82",
"Sony PlayStation 4","Games","Owned","Watch Dogs Legion: Ultimate Edition Steelbook","United States of America","Official","Ubisoft","Ubisoft","Action, Adventure","Aug 17, 2025","CIB","9.86","13.74","25.61","13.74","0.0","0.0",1.0,1.0,1.0,?,"","","Missing Field",
"Sony PlayStation 4","Games","Owned","West of Dead","United States of America","Official","PM Studios, Raw Fury","Upstream Arcade","Action, Shoot 'em up","Sep 20, 2026","CIB","23.49","27.61","40.43","27.61","0.0","0.0",1.0,1.0,1.0,?,"","","63",
"Sony PlayStation 4","Games","Owned","Where the Water Tastes Like Wine","United States of America","Official","PM Studios, Serenity Forge","Dim Bulb Games, Serenity Forge","Adventure","Aug 22, 2026","CIB","?","33.85","30.6","33.85","0.0","0.0",1.0,1.0,1.0,?,"","","Missing Field",
"Sony PlayStation 4","Games","Owned","White Day: A Labyrinth Named School","United States of America","Official","PQube","ROI Games","Puzzle","May 8, 2026","CIB","12.17","16.02","20.5","16.02","0.0","0.0",1.0,1.0,1.0,?,"","","67",
"Sony PlayStation 4","Games","Owned","Wild Guns Reloaded","United States of America","Official","Natsume","Natsume","First-person shooter, Light Gun","Sep 26, 2026","CIB","18.48","19.48","27.45","19.48","0.0","0.0",1.0,1.0,1.0,?,"","","74",
"Sony PlayStation 4","Games","Owned","Wildermyth","United States of America","Official","Auroch Digital","Auroch Digital","RPG, Strategy","May 24, 2026","CIB","?","19.91","17.57","19.91","0.0","0.0",1.0,1.0,1.0,?,"","","Missing Field",
"Sony PlayStation 4","Games","Owned","Wolfenstein II: The New Colossus","United States of America","Official","Bethesda Softworks","Machinegames","First-person shooter","Aug 30, 2026","CIB","10.49","11.37","26.74","11.37","0.0","0.0",1.0,1.0,1.0,?,"","","87",
"Sony PlayStation 4","Games","Owned","Wolfenstein: The New Order","United States of America","Official","Bethesda Softworks","Machinegames","First-person shooter","Aug 30, 2026","CIB","10.57","12.25","30.49","12.25","0.0","0.0",1.0,1.0,1.0,?,"","","79",
"Sony PlayStation 4","Games","Owned","Wonder Boy Collection","United States of America","Official","ININ Games","Westone","Action, Adventure, Platformer","May 24, 2026","CIB","25.49","25.5","34.22","25.5","0.0","0.0",1.0,1.0,1.0,?,"","","71",
"Sony PlayStation 4","Games","Owned","WWE 2K24","United States of America","Official","2K Games","Visual Concepts","Sports","Jan 10, 2026","New","14.89","16.47","22.95","22.95","0.0","0.0",?,1.0,?,?,"","","Missing Field",
"Sony PlayStation 4","Games","Owned","Yakuza 0","United States of America","Official","Sega","Ryu ga Gotoku Studio","Action, Adventure, RPG, Puzzle, Fighting, Music","May 24, 2026","CIB","20.48","22.75","40.5","22.75","0.0","0.0",0.90000004,1.0,1.0,?,"","","85",
"Sony PlayStation 4","Games","Owned","Yakuza 6: The Song of Life [Essence of Art Edition]","United States of America","Official","Sega","Ryu ga Gotoku Studio","Action, Adventure, RPG","Jul 18, 2026","CIB+","20.48","22.29","30.45","22.29","0.0","0.0",1.0,1.0,1.0,?,"","","83",
"Sony PlayStation 4","Games","Owned","Yakuza Kiwami","United States of America","Official","Sega","Ryu ga Gotoku Studio","Adventure, RPG","Jun 23, 2026","CIB","15.26","32.65","42.31","32.65","0.0","0.0",1.0,1.0,1.0,?,"","","80",
"Sony PlayStation 4","Games","Owned","Yoku's Island Express","United States of America","Official","Villa Gorilla","Villa Gorilla","Action","Jul 18, 2026","CIB","15.81","16.27","20.6","16.27","0.0","0.0",1.0,1.0,1.0,?,"","","83",
"Nintendo Switch","Games","Owned","Advance Wars 1+2: Re-Boot Camp","United States of America","Official","Nintendo","WayForward Technologies","Strategy","Aug 11, 2025","CIB","35.5","39.09","46.21","39.09","0.0","0.0",1.0,1.0,1.0,?,"","","82",
"Nintendo Switch","Games","Owned","Astronite","United States of America","Official","Funstock","Dume Games Studio, JanduSoft","Action, Adventure, Platformer","Jul 3, 2026","CIB","13.51","14.82","20.03","14.82","0.0","0.0",1.0,1.0,1.0,?,"","","73",
"Nintendo Switch","Games","Owned","Blade Assault","United States of America","Official","PM Studios","Team Suneat","Platformer","Jun 12, 2026","CIB","18.48","20.45","20.47","20.45","0.0","0.0",1.0,1.0,1.0,?,"","","Missing Field",
"Nintendo Switch","Games","Owned","Blasphemous II","United States of America","Official","Team17 Software Limited","The Game Kitchen","Adventure","Jul 4, 2026","New","23.47","25.46","39.47","39.47","0.0","0.0",?,1.0,?,?,"","","84",
"Nintendo Switch","Games","Owned","Candle: The Power of the Flame","United States of America","Official","Merge Games","Teku Studios","Adventure, Puzzle, Platformer","Jul 25, 2026","CIB","20.48","20.5","30.82","20.5","0.0","0.0",1.0,1.0,1.0,?,"","","72",
"Nintendo Switch","Games","Owned","Chrono Cross: The Radical Dreamers Edition","World","Official","Square Enix","Square Enix","RPG","Apr 15, 2026","CIB","38.49","41.86","44","41.86","0.0","0.0",1.0,1.0,1.0,?,"","","77",
"Nintendo Switch","Games","Owned","Collection of Mana","United States of America","Official","Square Enix","Square Enix","RPG","Aug 10, 2025","CIB","18.54","19.13","20.48","19.13","?","0.0",1.0,1.0,1.0,?,"","","83",
"Nintendo Switch","Games","Owned","Crash Team Racing: Nitro-Fueled","United States of America","Official","Activision","Beenox Studios","Racing","Jun 12, 2026","CIB","15.37","15.48","20.43","15.48","0.0","0.0",1.0,1.0,1.0,?,"","","80",
"Nintendo Switch","Games","Owned","Dead Cells","United States of America","Official","Merge Games","Motion Twin","Action, Platformer","Aug 10, 2025","CIB","13.81","14.74","26.49","14.74","?","0.0",1.0,1.0,1.0,?,"","","89",
"Nintendo Switch","Games","Owned","Demon Throttle [SRG Single]","United States of America","Official","Devolver Digital, Special Reserve Games","Doinksoft","Action, Shoot 'em up","Jun 20, 2026","CIB","13.5","15.23","17.48","15.23","0.0","0.0",1.0,1.0,1.0,?,"","","Missing Field",
"Nintendo Switch","Games","Owned","Dragon Ball FighterZ","United States of America","Official","Bandai Namco Entertainment","ARC System Works","Action, Fighting","Aug 11, 2025","CIB","13","16.5","20","16.5","0.0","0.0",1.0,1.0,1.0,?,"","","87",
"Nintendo Switch","Games","Owned","Exophobia","United States of America","Official","PM Studios","Zarc Attack","Action, First-person shooter","Jul 3, 2026","CIB","?","21.79","35.22","21.79","0.0","0.0",1.0,1.0,1.0,?,"","","Missing Field",
"Nintendo Switch","Games","Owned","Final Fantasy I-VI Pixel Remaster Collection [Anniversary Edition]","United States of America","Official","Square Enix","Square Enix","RPG","Oct 10, 2025","CIB","40.13","45.49","47","45.49","?","0.0",1.0,1.0,1.0,?,"","","Missing Field",
"Nintendo Switch","Games","Owned","Foretales","United States of America","Official","Maximum Games, Plug in Digital","Alkemi Games","Adventure, Board","Jun 12, 2026","CIB","14.01","15.48","16.15","15.48","0.0","0.0",1.0,1.0,1.0,?,"","","77",
"Nintendo Switch","Games","Owned","Juicy Realm","United States of America","Official","PM Studios","SpaceCan","Action, Adventure","Jul 3, 2026","CIB","?","14.54","30.98","14.54","0.0","0.0",1.0,1.0,1.0,?,"","","Missing Field",
"Nintendo Switch","Games","Owned","Mario Kart 8 Deluxe","United States of America","Official","Nintendo","Nintendo","Racing","Aug 11, 2025","CIB","30.01","30.21","38.88","30.21","0.0","0.0",1.0,1.0,1.0,?,"","","92",
"Nintendo Switch","Games","Owned","Mario Tennis Aces","United States of America","Official","Nintendo","Camelot Software Planning","Sports","Aug 11, 2025","CIB","22.5","24.19","41.09","24.19","0.0","0.0",1.0,1.0,1.0,?,"","","75",
"Nintendo Switch","Games","Owned","Ministry of Broadcast","United States of America","Official","Hitcents, PM Studios, acttil","Ministry of Broadcast","Action, Adventure, Puzzle, Platformer","Jul 25, 2026","CIB","18.23","21.47","27.49","21.47","0.0","0.0",0.90000004,1.0,1.0,?,"","","75",
"Nintendo Switch","Games","Owned","Monster Crown","United States of America","Official","Soedesco","Studio Aurum","RPG","Jul 17, 2026","CIB","13.7","14.5","21.77","14.5","0.0","0.0",1.0,1.0,1.0,?,"","","59",
"Nintendo Switch","Games","Owned","Moonlighter","United States of America","Official","Merge Games, 11 bit studios","Digital Sun","Action, Management Sim, RPG","Jul 17, 2026","CIB","17.48","18.73","35.82","18.73","0.0","0.0",1.0,1.0,1.0,?,"","","83",
"Nintendo Switch","Games","Owned","Nice Day for Fishing","United States of America","Official","Team17 Software Limited, Silver Lining Interactive","FusionPlay","Adventure, RPG","Jul 19, 2026","CIB","?","17.55","24.38","17.55","0.0","0.0",1.0,1.0,1.0,?,"","","Missing Field",
"Nintendo Switch","Systems","Owned","Nintendo Switch Lite [Turquoise]","United States of America","Official","Nintendo","Missing Field","Missing Field","Jan 30, 2026","Loose","103.31","132.61","161.5","103.31","0.0","0.0",1.0,?,?,?,"","","Missing Field",
"Nintendo Switch","Systems","Owned","Nintendo Switch with Blue and Red Joy-con","United States of America","Official","Nintendo","Missing Field","Missing Field","Jan 30, 2026","Loose","131.4","138","260.49","131.4","0.0","0.0",1.0,?,?,?,"","","Missing Field",
"Nintendo Switch","Games","Owned","Octopath Traveler","United States of America","Official","Square Enix","Square Enix","RPG","Aug 11, 2025","Boxed","23.6","25.5","46","25.5","?","0.0",1.0,0.5,?,?,"","","83",
"Nintendo Switch","Games","Owned","Octopath Traveler II","United States of America","Official","Square Enix","Square Enix","RPG","Aug 11, 2025","CIB","30.47","30.49","37.97","30.49","0.0","0.0",1.0,1.0,1.0,?,"","","84",
"Nintendo Switch","Games","Owned","Oddworld Collection","United States of America","Official","Microids","Oddworld Inhabitants","Adventure, Puzzle","Jul 19, 2026","CIB","21.85","24.49","33.72","24.49","0.0","0.0",1.0,1.0,1.0,?,"","","Missing Field",
"Nintendo Switch","Games","Owned","Pikmin 3 Deluxe","United States of America","Official","Nintendo","Nintendo","Adventure, Management Sim, Puzzle, Strategy","Aug 10, 2025","CIB","36.5","37.47","50.48","37.47","?","0.0",1.0,1.0,1.0,?,"","","85",
"Nintendo Switch","Games","Owned","Prince Of Persia: The Lost Crown","United States of America","Official","Ubisoft","Ubisoft Montpellier","Platformer","Aug 11, 2025","CIB","16.53","18.73","20.48","18.73","0.0","0.0",1.0,1.0,1.0,?,"","","88",
"Nintendo Switch","Games","Owned","Rhythm Heaven Groove","United States of America","Official","Nintendo","Nintendo","Music","Jul 3, 2026","CIB","28.5","33.5","40.5","33.5","0.0","0.0",1.0,1.0,1.0,?,"","","82",
"Nintendo Switch","Games","Owned","Sea of Stars","United States of America","Official","iam8bit","Sabotage Studio","Adventure, RPG, Strategy","Aug 10, 2025","CIB","25.66","29.81","38.5","29.81","?","0.0",1.0,1.0,1.0,?,"","","90",
"Nintendo Switch","Games","Owned","Snack World: The Dungeon Crawl Gold","United States of America","Official","Level-5","Level-5","Action, Adventure, RPG","Jul 17, 2026","CIB","17.67","17.98","22.15","17.98","0.0","0.0",1.0,1.0,1.0,?,"","","68",
"Nintendo Switch","Games","Owned","Splatoon 2","United States of America","Official","Nintendo","Nintendo","Action, Third-person shooter","Aug 11, 2025","Boxed","15.5","15.52","31.74","15.52","?","0.0",1.0,0.7,?,?,"","","83",
"Nintendo Switch","Games","Owned","Super Mario 3D All-Stars","United States of America","Official","Nintendo","Nintendo","Action, Adventure, Platformer","Aug 10, 2025","CIB","69.5","75.45","100.5","75.45","?","0.0",1.0,1.0,1.0,?,"","","82",
"Nintendo Switch","Games","Owned","Super Mario Odyssey","United States of America","Official","Nintendo","Nintendo","Action, Platformer","Aug 10, 2025","CIB","27.99","32.49","42.83","32.49","?","0.0",1.0,1.0,1.0,?,"","","97",
"Nintendo Switch","Games","Owned","Super Mario Party Jamboree","United States of America","Official","Nintendo","NDCube","Family, Party","Aug 11, 2025","Loose+","40.49","41.49","45.5","40.49","0.0","0.0",1.0,?,1.0,?,"","","82",
"Nintendo Switch","Games","Owned","Super Mario RPG","Japan","Official","Nintendo","Square Enix","RPG","Sep 7, 2025","New","23.23","26","28.41","28.41","?","0.0",?,1.0,?,?,"","","Missing Field",
"Nintendo Switch","Games","Owned","Sushi Striker: The Way of Sushido","United States of America","Official","Nintendo","Indies Zero","Puzzle","Jan 4, 2026","CIB","9","10.48","13.27","10.48","0.0","0.0",1.0,1.0,1.0,?,"","","76",
"Nintendo Switch","Games","Owned","Legend of Zelda: Link's Awakening","United States of America","Official","Nintendo","Grezzo, Nintendo EAD","Action, Adventure","Aug 10, 2025","CIB","33.89","37.65","49.52","37.65","?","0.0",1.0,1.0,1.0,?,"","","87",
"Nintendo Switch","Games","Owned","Messenger [Devolver Digital]","United States of America","Official","Devolver Digital","Sabotage Studio","Action, Platformer","Jun 20, 2026","CIB","24.49","25.45","30.49","25.45","0.0","0.0",1.0,1.0,1.0,?,"","","86",
"Microsoft Xbox 360","Games","Owned","Alice: Madness Returns","United States of America","Official","Electronic Arts","Spicy Horse","Action, Adventure, Horror","Aug 11, 2025","CIB","35.84","55.36","105.5","55.36","0.0","0.0",1.0,1.0,1.0,?,"","","70",
"Microsoft Xbox 360","Games","Owned","Aliens: Colonial Marines","United States of America","Official","Sega","Gearbox Software","Action, First-person shooter, Horror","Jul 12, 2026","CIB","8.5","10.19","24.94","10.19","0.0","0.0",1.0,1.0,1.0,?,"","","48",
"Microsoft Xbox 360","Games","Owned","Assassin's Creed","United States of America","Official","Ubisoft Entertainment","Ubisoft Montreal","Action, Adventure, Stealth","Aug 10, 2025","CIB","6.05","8.64","22.22","8.64","?","0.0",1.0,0.90000004,1.0,?,"","","81",
"Microsoft Xbox 360","Games","Owned","Assassin's Creed IV: Black Flag","United States of America","Official","Ubisoft Entertainment","Ubisoft Montreal","Action, Adventure, Stealth","Jan 18, 2026","CIB","7.49","9.19","20.44","9.19","?","0.0",1.0,1.0,1.0,?,"","","86",
"Microsoft Xbox 360","Games","Owned","Banjo-Kazooie: Nuts & Bolts","United States of America","Official","Microsoft Studios","Rare, Ltd.","Action, Adventure, Racing, Platformer","Aug 11, 2025","CIB","9.69","12.49","43.25","12.49","?","0.0",1.0,1.0,1.0,?,"","","79",
"Microsoft Xbox 360","Games","Owned","Banjo-Kazooie: Nuts & Bolts / Viva Piñata [Platinum Hits]","United States of America","Official","Microsoft Studios","Rare, Ltd.","Adventure, Management Sim, Life Sim, Platformer","Aug 10, 2025","CIB","14.01","16.53","21.97","16.53","?","0.0",1.0,0.8,1.0,?,"","","Missing Field",
"Microsoft Xbox 360","Games","Owned","Battlefield: Bad Company","United States of America","Official","Electronic Arts","DiCE","Action, First-person shooter","Apr 19, 2026","CIB","7.09","11.1","64.95","11.1","0.0","0.0",1.0,1.0,1.0,?,"","","83",
"Microsoft Xbox 360","Games","Owned","Big Bumpin'","United States of America","Official","King Games","Blitz Games","Racing, Sports","Apr 19, 2026","CIB","4.55","8","6.72","8","0.0","0.0",1.0,1.0,1.0,?,"","","63",
"Microsoft Xbox 360","Games","Owned","BioShock 2","United States of America","Official","2K Games","2K China, 2K Marin","First-person shooter","Aug 10, 2025","CIB","5.49","8.32","17.89","8.32","?","0.0",1.0,1.0,1.0,?,"","","88",
"Microsoft Xbox 360","Games","Owned","BioShock Infinite","United States of America","Official","2K Games","Irrational Games","Action, Adventure, First-person shooter","Apr 19, 2026","CIB","3.64","5.72","12.49","5.72","0.0","0.0",1.0,1.0,1.0,?,"","","93",
"Microsoft Xbox 360","Games","Owned","Blue Dragon","United States of America","Official","Microsoft Studios","Mistwalker","RPG","Aug 11, 2025","CIB","19.98","30.49","55.5","30.49","0.0","0.0",1.0,1.0,1.0,?,"","","79",
"Microsoft Xbox 360","Games","Owned","Blur","United States of America","Official","Activision","Bizarre Creations, Ltd.","Racing","Aug 10, 2025","CIB","32.49","43.36","80.19","43.36","?","0.0",1.0,1.0,1.0,?,"","","82",
"Microsoft Xbox 360","Games","Owned","Borderlands 2","United States of America","Official","2K Games","Gearbox Software","Action, RPG, First-person shooter","Aug 10, 2025","CIB","4.67","7.49","16.49","7.49","0.0","0.0",1.0,1.0,1.0,?,"","","89",
"Microsoft Xbox 360","Games","Owned","Borderlands: The Pre-Sequel","United States of America","Official","2K","Gearbox, 2K Australia","First-person shooter","Aug 11, 2025","New","6.38","6.46","11.25","11.25","?","0.0",?,1.0,?,?,"","","74",
"Microsoft Xbox 360","Games","Owned","Brink","United States of America","Official","Bethesda Softworks","Human Head Studios, Splash Damage","First-person shooter","Aug 11, 2025","CIB","4.67","7.34","14.69","7.34","0.0","0.0",1.0,1.0,1.0,?,"","","68",
"Microsoft Xbox 360","Games","Owned","Brutal Legend","United States of America","Official","Electronic Arts","Double Fine Productions, Inc.","Action, Strategy","Aug 11, 2025","CIB","8.35","12.05","28.07","12.05","0.0","0.0",1.0,1.0,1.0,?,"","","82",
"Microsoft Xbox 360","Games","Owned","Bulletstorm [Epic Edition]","United States of America","Official","Electronic Arts","People Can Fly","Action, First-person shooter","Aug 10, 2025","CIB","7.4","9.39","10.05","9.39","?","0.0",1.0,1.0,1.0,?,"","","84",
"Microsoft Xbox 360","Games","Owned","Call of Juarez: Bound in Blood","United States of America","Official","Ubisoft","Techland Sp. z o.o","Action, First-person shooter","Apr 5, 2026","CIB","8.74","10.49","28.32","10.49","0.0","0.0",1.0,1.0,1.0,?,"","","77",
"Microsoft Xbox 360","Games","Owned","Castlevania: Lords of Shadow Collection","United States of America","Official","Konami","Mercury Steam Entertainment S.L.","Action","Jan 18, 2026","CIB","25.34","33.54","85.02","33.54","0.0","0.0",1.0,1.0,1.0,?,"","","Missing Field",
"Microsoft Xbox 360","Games","Owned","Clive Barker's Jericho","United States of America","Official","Codemasters","Mercury Steam","Action, Horror","Aug 10, 2025","CIB","9.92","12.94","20.5","12.94","?","0.0",1.0,1.0,1.0,?,"","","63",
"Microsoft Xbox 360","Games","Owned","Command & Conquer 3: Kane's Wrath","United States of America","Official","EA Games","EA Los Angeles","Real-time Strategy","Aug 11, 2025","CIB","10.09","11.58","32.99","11.58","0.0","0.0",1.0,1.0,1.0,?,"","","75",
"Microsoft Xbox 360","Games","Owned","Command & Conquer: Red Alert 3","United States of America","Official","Electronic Arts","Electronic Arts Los Angeles","Real-time Strategy","Aug 11, 2025","CIB","8.21","12.47","31.25","12.47","0.0","0.0",1.0,1.0,1.0,?,"","","77",
"Microsoft Xbox 360","Games","Owned","Condemned 2: Bloodshot","United States of America","Official","Sega","Monolith Productions, Inc.","Action, Horror","Aug 10, 2025","CIB","12.72","18.48","48.5","18.48","0.0","0.0",1.0,1.0,1.0,?,"","","80",
"Microsoft Xbox 360","Games","Owned","Crackdown","United States of America","Official","Microsoft Studios","Real Time Worlds","Action, Adventure, Sandbox","Aug 10, 2025","CIB","5.54","8.1","32.5","8.1","?","0.0",1.0,1.0,1.0,?,"","","83",
"Microsoft Xbox 360","Games","Owned","Crysis 2","United States of America","Official","Electronic Arts","Crytek GmbH","Action, First-person shooter","Oct 23, 2025","CIB","4.31","7.68","13.47","7.68","0.0","0.0",1.0,1.0,1.0,?,"","","84",
"Microsoft Xbox 360","Games","Owned","Crysis 3 [Hunter Edition]","United States of America","Official","EA Games","Crytek Frankfurt","Action, First-person shooter","Oct 23, 2025","CIB","4.88","6.79","14.25","6.79","0.0","0.0",1.0,1.0,1.0,?,"","","76",
"Microsoft Xbox 360","Games","Owned","Dance Central","United States of America","Official","MTV Games","Harmonix Music Systems","Music","Aug 11, 2025","Loose","3.45","5.42","10.87","3.45","?","0.0",1.0,?,?,?,"","","82",
"Microsoft Xbox 360","Games","Owned","Dance Central 2","United States of America","Official","Microsoft Studios","Harmonix Music Systems","Music","Aug 11, 2025","CIB","6.3","7.25","13.46","7.25","0.0","0.0",1.0,1.0,1.0,?,"","","86",
"Microsoft Xbox 360","Games","Owned","Dante's Inferno","United States of America","Official","Electronic Arts","Visceral Games","Action, Adventure","Aug 11, 2025","CIB","11.63","18.48","70.5","18.48","0.0","0.0",1.0,1.0,1.0,?,"","","73",
"Microsoft Xbox 360","Games","Owned","Dark Souls II","United States of America","Official","Bandai Namco Entertainment","FromSoftware, Inc.","RPG","Aug 11, 2025","CIB","8.99","14.07","24.5","14.07","?","0.0",1.0,1.0,1.0,?,"","","91",
"Microsoft Xbox 360","Games","Owned","Dark Void","United States of America","Official","Capcom","Airtight Games","Action","Aug 11, 2025","CIB","6.24","10","16.8","10","?","0.0",1.0,1.0,1.0,?,"","","59",
"Microsoft Xbox 360","Games","Owned","Darksiders","United States of America","Official","THQ","Vigil Games","Action, Adventure","Aug 11, 2025","CIB","4.69","9.5","18.98","9.5","0.0","0.0",1.0,1.0,1.0,?,"","","83",
"Microsoft Xbox 360","Games","Owned","Darksiders II","United States of America","Official","THQ","Vigil Games","Action, Adventure","Aug 11, 2025","CIB","7.9","9.34","10.56","9.34","0.0","0.0",1.0,1.0,1.0,?,"","","83",
"Microsoft Xbox 360","Games","Owned","Dead Island [Game of the Year Edition]","United States of America","Official","Deep Silver","Techland Sp. z o.o","Action, RPG, First-person shooter, Sandbox, Horror","Aug 10, 2025","CIB","7","9.63","17.8","9.63","0.0","0.0",1.0,1.0,1.0,?,"","","Missing Field",
"Microsoft Xbox 360","Games","Owned","Dead Rising","United States of America","Official","Capcom","Capcom","Action, Adventure","Aug 11, 2025","CIB","8.73","11.51","74.36","11.51","?","0.0",1.0,1.0,1.0,?,"","","85",
"Microsoft Xbox 360","Games","Owned","Dead Rising 2","United States of America","Official","Capcom","Blue Castle Games","Action, Adventure, Horror","Aug 10, 2025","CIB","7.48","9.41","22.46","9.41","0.0","0.0",1.0,1.0,1.0,?,"","","79",
"Microsoft Xbox 360","Games","Owned","Deus Ex: Human Revolution","United States of America","Official","Square Enix","Eidos Montreal","RPG, First-person shooter","Aug 11, 2025","CIB","6","9.02","14.48","9.02","0.0","0.0",1.0,0.90000004,1.0,?,"","","89",
"Microsoft Xbox 360","Games","Owned","Devil May Cry 4","United States of America","Official","Capcom","Capcom","Action","Jan 3, 2026","CIB","5.61","8.75","20.35","8.75","?","0.0",1.0,1.0,1.0,?,"","","84",
"Microsoft Xbox 360","Games","Owned","Dishonored","United States of America","Official","Bethesda Softworks","Arkane Studios SA","Action, Adventure, RPG, Stealth","Aug 11, 2025","CIB","5.29","8.55","16.49","8.55","0.0","0.0",1.0,1.0,1.0,?,"","","88",
"Microsoft Xbox 360","Games","Owned","DJ Hero","United States of America","Official","Activision","Exient Entertainment","Music","Aug 11, 2025","CIB","5.82","10.49","18.5","10.49","?","0.0",1.0,1.0,1.0,?,"","","84",
"Microsoft Xbox 360","Games","Owned","DJ Hero 2","United Kingdom","Official","Activision","FreeStyleGames","Music","Aug 11, 2025","CIB","4.96","5.57","15.95","5.57","?","0.0",1.0,1.0,1.0,?,"","","86",
"Microsoft Xbox 360","Games","Owned","DmC: Devil May Cry","United States of America","Official","Capcom","Ninja Theory","Action, Adventure","Aug 10, 2025","CIB","6.05","6.25","13.8","6.25","0.0","0.0",1.0,1.0,1.0,?,"","","86",
"Microsoft Xbox 360","Games","Owned","Dragon Age II","United States of America","Official","Electronic Arts","BioWare","RPG","Aug 11, 2025","CIB","7.97","10.11","19.22","10.11","0.0","0.0",1.0,1.0,1.0,?,"","","79",
"Microsoft Xbox 360","Games","Owned","Dragon's Dogma","United States of America","Official","Capcom","Capcom","Action, RPG","Feb 9, 2026","Boxed","6.49","9.67","23.99","6.49","?","0.0",1.0,1.0,?,?,"","","75",
"Microsoft Xbox 360","Games","Owned","Duke Nukem Forever","United States of America","Official","2K Games","Gearbox","Action, First-person shooter","Aug 11, 2025","CIB","5.5","9.52","17.5","9.52","0.0","0.0",1.0,0.90000004,1.0,?,"","","49",
"Microsoft Xbox 360","Games","Owned","Enemy Territory: Quake Wars","United States of America","Official","Activision","Splash Damage","Action, First-person shooter","Nov 2, 2025","Boxed","8.28","10.69","22.21","10.34","0.0","0.0",1.0,1.0,?,?,"","","69",
"Microsoft Xbox 360","Games","Owned","Enslaved: Odyssey to the West","United States of America","Official","Namco","Ninja Theory","Action, Adventure, Platformer","Aug 11, 2025","CIB","11.61","15.67","25.49","15.67","0.0","0.0",1.0,1.0,1.0,?,"","","82",
"Microsoft Xbox 360","Games","Owned","Fable II","United States of America","Official","Microsoft Studios","Lionhead Studios Ltd.","Action, RPG","Aug 11, 2025","CIB","9.47","10.9","77.98","10.9","0.0","0.0",1.0,1.0,1.0,?,"","","89",
"Microsoft Xbox 360","Games","Owned","Fable III","United States of America","Official","Microsoft Studios","Lionhead Studios Ltd.","Action, RPG","Aug 10, 2025","CIB","5.5","10.49","13.51","10.49","0.0","0.0",1.0,1.0,1.0,?,"","","80",
"Microsoft Xbox 360","Games","Owned","Fable: The Journey","United States of America","Official","Microsoft Studios","Lionhead Studios Ltd.","Action, Adventure, RPG","Aug 11, 2025","CIB","6.5","7.84","10.5","7.84","0.0","0.0",1.0,1.0,1.0,?,"","","61",
"Microsoft Xbox 360","Games","Owned","Fallout 3","United States of America","Official","Bethesda Softworks","Bethesda Game Studios","Action, RPG, First-person shooter","Aug 10, 2025","CIB","9.49","10.87","130.49","10.87","?","0.0",1.0,0.8,0.8,?,"","","93",
"Microsoft Xbox 360","Games","Owned","Fallout 3 Game Add-On Pack: Broken Steel and Point Lookout","United States of America","Official","Bethesda Softworks","Bethesda Game Studios","RPG, First-person shooter","Aug 11, 2025","CIB","10.31","13.14","60.46","13.14","0.0","0.0",1.0,1.0,1.0,?,"","","Missing Field",
"Microsoft Xbox 360","Games","Owned","Fallout: New Vegas","United States of America","Official","Bethesda Softworks","Obsidian Entertainment","Action, RPG, First-person shooter","Aug 10, 2025","CIB","10.47","14","89.5","14","?","0.0",1.0,1.0,1.0,?,"","","84",
"Microsoft Xbox 360","Games","Owned","Fallout: New Vegas [Ultimate Edition] [Xbox One Version]","United States of America","Official","Bethesda Softworks","Obsidian Entertainment","RPG, First-person shooter","Aug 10, 2025","New","30.72","31.73","80.48","80.48","?","0.0",?,1.0,?,?,"","","Missing Field",
"Microsoft Xbox 360","Games","Owned","Final Fantasy XI","United States of America","Official","Square Enix","Square Enix","Action, Adventure, RPG, MMO","Aug 11, 2025","CIB","9.23","12.49","21.25","12.49","?","0.0",1.0,1.0,1.0,?,"","","66",
"Microsoft Xbox 360","Games","Owned","Fracture","United States of America","Official","LucasArts Entertainment Company LLC","Day 1 Studios","Action, First-person shooter","Aug 10, 2025","CIB","7.61","11.54","22.49","11.54","0.0","0.0",1.0,1.0,1.0,?,"","","63",
"Microsoft Xbox 360","Games","Owned","Frontlines: Fuel of War","United States of America","Official","THQ","Kaos Studios","Action, First-person shooter","May 16, 2026","CIB","5.32","7.49","14.99","7.49","0.0","0.0",0.90000004,1.0,1.0,?,"","","75",
"Microsoft Xbox 360","Games","Owned","Gears of War 2","United States of America","Official","Microsoft Studios","Epic Games, Inc.","Action, Third-person shooter","Aug 11, 2025","CIB","6.72","7.22","50.49","7.22","0.0","0.0",1.0,1.0,1.0,?,"","","93",
"Microsoft Xbox 360","Games","Owned","Gears of War 3","United States of America","Official","Microsoft Studios","Epic Games","Action, Third-person shooter","Aug 11, 2025","CIB","5.86","8.17","32.5","8.17","0.0","0.0",1.0,1.0,1.0,?,"","","91",
"Microsoft Xbox 360","Games","Owned","Gears of War [Limited Collector's Edition]","United States of America","Official","Microsoft","Epic Games","Action, Third-person shooter","Aug 11, 2025","CIB","28.67","33","286.8","33","0.0","0.0",1.0,1.0,0.90000004,?,"","","94",
"Microsoft Xbox 360","Games","Owned","Ghostbusters: The Video Game","United States of America","Official","Atari SA","Terminal Reality, Inc.","Action, Adventure, First-person shooter","Aug 11, 2025","CIB","7.9","11.99","28","11.99","?","0.0",1.0,1.0,1.0,?,"","","79",
"Microsoft Xbox 360","Games","Owned","Guitar Hero II","United States of America","Official","Activision","Harmonix Music Systems","Music","Aug 11, 2025","CIB","9.86","12.49","22.4","12.49","?","0.0",1.0,1.0,1.0,?,"","","92",
"Microsoft Xbox 360","Games","Owned","Guitar Hero III: Legends of Rock","United States of America","Official","Activision","Neversoft Entertainment","Action, Music","Aug 11, 2025","CIB","9.69","10","30.45","10","?","0.0",1.0,1.0,1.0,?,"","","85",
"Microsoft Xbox 360","Games","Owned","Guitar Hero: World Tour","United States of America","Official","Activision","Neversoft Entertainment","Music","Aug 11, 2025","CIB","10.6","10.89","19.98","10.89","?","0.0",1.0,1.0,1.0,?,"","","85",
"Microsoft Xbox 360","Games","Owned","Halo 3","United States of America","Official","Microsoft Studios","Bungie","Action, First-person shooter","Aug 10, 2025","CIB","7.5","14.56","264.89","14.56","?","0.0",1.0,1.0,1.0,?,"","","94",
"Microsoft Xbox 360","Games","Owned","Halo: Reach","United States of America","Official","Microsoft Studios","Bungie","Action, First-person shooter","Aug 11, 2025","CIB","7.95","10.49","73.25","10.49","0.0","0.0",1.0,1.0,1.0,?,"","","91",
"Microsoft Xbox 360","Games","Owned","Halo: Reach [Limited Edition]","United States of America","Official","Microsoft Studios","Bungie","Action, First-person shooter","Aug 15, 2025","CIB","45.32","45.49","123","45.49","?","0.0",1.0,1.0,1.0,?,"","","91",
"Microsoft Xbox 360","Games","Owned","Hitman Absolution","United States of America","Official","Square Enix","IO Interactive","Action, Stealth","Dec 20, 2025","CIB","6.21","9.73","14.18","9.73","0.0","0.0",1.0,1.0,1.0,?,"","","79",
"Microsoft Xbox 360","Games","Owned","Infinite Undiscovery","United States of America","Official","Square Enix","tri-Ace","RPG","May 16, 2026","CIB","12","15.5","44.16","15.5","0.0","0.0",0.90000004,1.0,1.0,?,"","","68",
"Microsoft Xbox 360","Games","Owned","Injustice: Gods Among Us","United States of America","Official","WB Games","NetherRealm Studios","Fighting","Dec 20, 2025","Loose+","4.37","5.5","15.05","7.02","0.0","0.0",1.0,?,1.0,?,"","","81",
"Microsoft Xbox 360","Games","Owned","Kameo: Elements of Power","United States of America","Official","Microsoft Studios","Rare, Ltd.","Action, Adventure","Aug 11, 2025","CIB","7.75","9.9","31.73","9.9","0.0","0.0",1.0,1.0,1.0,?,"","","79",
"Microsoft Xbox 360","Games","Owned","Kinect Adventures!","United States of America","Official","Microsoft Studios","Good Science Studio","Adventure, Sports","Aug 11, 2025","CIB","3.3","4.59","8.93","4.59","?","0.0",1.0,1.0,1.0,?,"","","61",
"Microsoft Xbox 360","Games","Owned","Kingdom Under Fire: Circle of Doom","United States of America","Official","Microsoft Studios","Blueside","Action, RPG","Mar 24, 2026","CIB","10.49","13.24","34.21","13.24","0.0","0.0",1.0,1.0,1.0,?,"","","55",
"Microsoft Xbox 360","Games","Owned","L.A. Noire","United States of America","Official","Rockstar Games","Team Bondi","Action, Adventure, Sandbox","Aug 11, 2025","CIB","5.22","9.03","13.99","9.03","0.0","0.0",1.0,1.0,1.0,?,"","","89",
"Microsoft Xbox 360","Games","Owned","Left 4 Dead 2","United States of America","Official","Valve Corporation","Valve Corporation","First-person shooter, Horror","Aug 10, 2025","CIB","30.5","39.5","115.5","39.5","?","0.0",1.0,1.0,1.0,?,"","","89",
"Microsoft Xbox 360","Games","Owned","LEGO Star Wars II: The Original Trilogy","United States of America","Official","LucasArts Entertainment Company LLC","Traveller's Tales Ltd.","Action, Adventure","Aug 10, 2025","CIB","7.57","9.27","30.49","9.27","?","0.0",1.0,1.0,1.0,?,"","","81",
"Microsoft Xbox 360","Games","Owned","Lost Planet: Extreme Condition","United States of America","Official","Capcom","Capcom","Action, First-person shooter, Horror","Aug 11, 2025","CIB","8.32","8.86","35.47","8.86","0.0","0.0",1.0,1.0,1.0,?,"","","79",
"Microsoft Xbox 360","Games","Owned","Madden NFL 08","United States of America","Official","EA Sports","EA","Sports","Aug 11, 2025","CIB","5.76","8.17","19.5","8.17","0.0","0.0",1.0,1.0,1.0,?,"","","85",
"Microsoft Xbox 360","Games","Owned","Marvel vs. Capcom 3: Fate of Two Worlds","United States of America","Official","Capcom","Capcom","Fighting","Aug 10, 2025","CIB","8.16","9.63","24.22","9.63","0.0","0.0",1.0,1.0,1.0,?,"","","85",
"Microsoft Xbox 360","Games","Owned","Mass Effect 2","United States of America","Official","Electronic Arts","BioWare","Action, Adventure, RPG, First-person shooter","Aug 10, 2025","CIB","4.18","5.49","15.5","5.49","?","0.0",1.0,1.0,1.0,?,"","","96",
"Microsoft Xbox 360","Games","Owned","Mass Effect 3","United States of America","Official","Electronic Arts","BioWare","Action, RPG, Third-person shooter","Aug 11, 2025","CIB","6.05","6.99","14.29","6.99","0.0","0.0",1.0,1.0,1.0,?,"","","93",
"Microsoft Xbox 360","Games","Owned","Mercenaries 2: World in Flames","United States of America","Official","EA Games","Pandemic Studios","Action, First-person shooter, Sandbox","Jan 18, 2026","CIB","8.97","13.49","29.94","13.49","0.0","0.0",1.0,1.0,1.0,?,"","","72",
"Microsoft Xbox 360","Games","Owned","Mortal Kombat","United States of America","Official","WB Games","NetherRealm Studios","Fighting","Aug 11, 2025","CIB","13.02","17.37","63.32","17.37","0.0","0.0",1.0,1.0,1.0,?,"","","86",
"Microsoft Xbox 360","Games","Owned","NASCAR 08","United States of America","Official","Electronic Arts","EA Tiburon","Sports","Aug 11, 2025","CIB","7.23","10.1","17.34","10.1","0.0","0.0",1.0,1.0,1.0,?,"","","59",
"Microsoft Xbox 360","Games","Owned","Need for Speed: Shift","United States of America","Official","EA Games","EA","Racing","Aug 11, 2025","CIB","7.99","10.49","15.49","10.49","0.0","0.0",1.0,1.0,1.0,?,"","","83",
"Microsoft Xbox 360","Games","Owned","Nickelodeon Teenage Mutant Ninja Turtles","United States of America","Official","Activision","Magic Pockets","Adventure","Apr 5, 2026","CIB","10.49","10.72","18.13","10.72","0.0","0.0",1.0,1.0,1.0,?,"","","25",
"Microsoft Xbox 360","Games","Owned","Ninja Gaiden II","United States of America","Official","Tecmo","Team Ninja","Action, Adventure","Jan 3, 2026","CIB","10.78","16.62","80.98","16.62","?","0.0",1.0,0.6,1.0,?,"","","81",
"Microsoft Xbox 360","Games","Owned","Overlord","United States of America","Official","Codemasters","Triumph Studios","Action, Adventure","Mar 24, 2026","CIB","14.77","18.5","58.72","18.5","0.0","0.0",1.0,1.0,1.0,?,"","","76",
"Microsoft Xbox 360","Games","Owned","Overlord II","United States of America","Official","Codemasters","Triumph Studios","Action, RPG","May 17, 2026","Boxed","12.93","17.25","60.49","12.93","0.0","0.0",1.0,1.0,?,?,"","","75",
"Microsoft Xbox 360","Games","Owned","Plants vs. Zombies","United States of America","Official","PopCap Games, Inc.","PopCap","Puzzle, Strategy","May 16, 2026","CIB","11.94","12.19","39.22","12.19","0.0","0.0",1.0,0.8,1.0,?,"","","89",
"Microsoft Xbox 360","Games","Owned","Plants vs. Zombies: Garden Warfare","United States of America","Official","Electronic Arts","PopCap Games","Third-person shooter","Apr 12, 2026","CIB","4.42","7.28","10.9","7.28","0.0","0.0",1.0,1.0,1.0,?,"","","69",
"Microsoft Xbox 360","Games","Owned","Portal 2","United States of America","Official","Valve Corporation","Valve Software","Puzzle, First-person shooter","Aug 10, 2025","CIB","9.02","10.28","18.78","10.28","0.0","0.0",1.0,1.0,1.0,?,"","","95",
"Microsoft Xbox 360","Games","Owned","Prototype 2","United States of America","Official","Activision","Radical Entertainment Inc.","Action","Aug 11, 2025","CIB","6.49","10.41","24.2","10.41","?","0.0",1.0,1.0,1.0,?,"","","74",
"Microsoft Xbox 360","Games","Owned","Rayman Origins","United States of America","Official","Ubisoft Entertainment","Ubisoft","Action","Aug 11, 2025","CIB","9.22","10.27","18.69","10.27","0.0","0.0",1.0,1.0,1.0,?,"","","87",
"Microsoft Xbox 360","Games","Owned","Resident Evil: Operation Raccoon City","United States of America","Official","Capcom","Slant Six Games","First-person shooter, MMO, Horror","Mar 1, 2026","CIB","8.49","10.21","32.5","10.21","?","0.0",1.0,1.0,1.0,?,"","","52",
"Microsoft Xbox 360","Games","Owned","Shadows of the Damned","United States of America","Official","Electronic Arts","Grasshopper Manufacture","Third-person shooter","Aug 11, 2025","CIB","16.57","20.48","35.77","20.48","0.0","0.0",1.0,1.0,1.0,?,"","","76",
"Microsoft Xbox 360","Games","Owned","Singularity","United States of America","Official","Activision","Raven Software","Action, First-person shooter","Aug 11, 2025","CIB","12.51","17.48","38","17.48","0.0","0.0",1.0,1.0,1.0,?,"","","76",
"Microsoft Xbox 360","Games","Owned","Skate 3 [Platinum Hits]","United States of America","Official","Electronic Arts","EA Black Box","Sports","Aug 11, 2025","CIB","9.17","9.78","30.49","9.78","0.0","0.0",1.0,1.0,1.0,?,"","","80",
"Microsoft Xbox 360","Games","Owned","Sleeping Dogs","United States of America","Official","Square Enix","United Front Games","Action, Adventure","Aug 10, 2025","CIB","8.47","9.39","15.54","9.39","0.0","0.0",1.0,1.0,1.0,?,"","","80",
"Microsoft Xbox 360","Games","Owned","Sniper: Ghost Warrior [Platinum Hits]","United States of America","Official","City Interactive","City Interactive","First-person shooter, Stealth","May 16, 2026","CIB","5.82","6.49","9.22","6.49","0.0","0.0",1.0,1.0,1.0,?,"","","45",
"Microsoft Xbox 360","Games","Owned","Sonic's Ultimate Genesis Collection","United States of America","Official","Sega","Backbone Entertainment","Action, Adventure, RPG, Puzzle, Racing, First-person shooter, Fighting, Platformer","Aug 11, 2025","CIB","7.46","9.78","15.49","9.78","0.0","0.0",1.0,1.0,1.0,?,"","","79",
"Microsoft Xbox 360","Games","Owned","SoulCalibur IV","United States of America","Official","Bandai Namco Entertainment","Namco","Action, Fighting","Apr 12, 2026","CIB","7.47","10.49","32.48","10.49","0.0","0.0",1.0,1.0,1.0,?,"","","85",
"Microsoft Xbox 360","Games","Owned","Star Wars: The Force Unleashed II [Platinum Hits]","United States of America","Official","LucasArts Entertainment Company LLC","Aspyr","Adventure, Sandbox","Aug 11, 2025","CIB","7.76","7.79","18.57","7.79","?","0.0",1.0,1.0,1.0,?,"","","61",
"Microsoft Xbox 360","Games","Owned","Stranglehold","United States of America","Official","Midway Games","Midway Games","Action, Third-person shooter","Aug 11, 2025","CIB","9.82","13.95","25.87","13.95","0.0","0.0",1.0,1.0,1.0,?,"","","77",
"Microsoft Xbox 360","Games","Owned","Street Fighter IV","United States of America","Official","Capcom","Capcom, Dimps Corporation","Fighting","Aug 11, 2025","CIB","5.86","8.91","26.03","8.91","?","0.0",1.0,1.0,1.0,?,"","","93",
"Microsoft Xbox 360","Games","Owned","Tekken 6","United States of America","Official","Namco","Namco","Fighting","Aug 11, 2025","CIB","9.25","12.5","29","12.5","0.0","0.0",1.0,1.0,1.0,?,"","","80",
"Microsoft Xbox 360","Games","Owned","Black Eyed Peas Experience","United States of America","Official","Ubisoft","iNiS","Music","Aug 11, 2025","Loose","3.49","7.07","9.35","3.49","?","0.0",1.0,?,?,?,"","","66",
"Microsoft Xbox 360","Games","Owned","Elder Scrolls IV: Oblivion","United States of America","Official","2K Games","Bethesda Softworks","RPG","Aug 10, 2025","CIB","9.49","10.99","65.81","10.99","?","0.0",1.0,1.0,1.0,?,"","","94",
"Microsoft Xbox 360","Games","Owned","Elder Scrolls IV: Oblivion [Game of the Year Edition]","United States of America","Official","Bethesda Softworks","Bethesda Softworks","RPG","Apr 12, 2026","CIB","12.91","14.04","25.49","14.04","0.0","0.0",1.0,1.0,1.0,?,"","","Missing Field",
"Microsoft Xbox 360","Games","Owned","Elder Scrolls V: Skyrim","United States of America","Official","Bethesda Softworks","Bethesda","RPG, Sandbox","Aug 11, 2025","CIB","5.47","7.31","20.5","7.31","0.0","0.0",1.0,0.90000004,1.0,?,"","","96",
"Microsoft Xbox 360","Games","Owned","Godfather II","United States of America","Official","Electronic Arts","EA Redwood Shores","Action, Adventure","Aug 11, 2025","CIB","16.63","22.29","68.27","22.29","0.0","0.0",1.0,1.0,1.0,?,"","","65",
"Microsoft Xbox 360","Games","Owned","Orange Box","United States of America","Official","Valve Corporation","Valve Corporation","Action, Adventure, Puzzle, First-person shooter, Platformer","Aug 11, 2025","CIB","27.49","31.46","106.77","31.46","0.0","0.0",1.0,1.0,1.0,?,"","","96",
"Microsoft Xbox 360","Games","Owned","Walking Dead: Survival Instinct","United States of America","Official","Activision","Terminal Reality","Missing Field","Apr 19, 2026","CIB","7.05","8.61","19.48","8.61","0.0","0.0",1.0,1.0,1.0,?,"","","32",
"Microsoft Xbox 360","Games","Owned","Thief","United States of America","Official","Eidos-Montreal","Square Enix","Action, Adventure, Stealth","Feb 14, 2026","CIB","6.83","7.69","10.44","7.69","?","0.0",1.0,1.0,1.0,?,"","","Missing Field",
"Microsoft Xbox 360","Games","Owned","Tom Clancy's Splinter Cell: Conviction","United States of America","Official","Ubisoft","Ubisoft Montreal","Action, Adventure, Stealth, Third-person shooter","Aug 10, 2025","CIB","7.54","9.44","24.49","9.44","?","0.0",1.0,1.0,1.0,?,"","","85",
"Microsoft Xbox 360","Games","Owned","Tomb Raider: Anniversary","United States of America","Official","Eidos Interactive","Crystal Dynamics","Action, Adventure","Aug 10, 2025","CIB","11.09","15.5","50.37","15.5","0.0","0.0",1.0,1.0,1.0,?,"","","77",
"Microsoft Xbox 360","Games","Owned","Viking: Battle for Asgard","United States of America","Official","Sega","The Creative Assembly","Action, Adventure","Feb 9, 2026","CIB","9.03","10","36.97","10","?","0.0",1.0,1.0,1.0,?,"","","68",
"Microsoft Xbox 360","Games","Owned","Viva Piñata [Special Edition]","United States of America","Official","Microsoft Studios","Rare, Ltd.","Life Sim","Aug 10, 2025","CIB","11.39","20.46","58.86","20.46","?","0.0",1.0,1.0,1.0,?,"","","84",
"Microsoft Xbox 360","Games","Owned","Warhammer 40,000: Space Marine","United States of America","Official","THQ","Relic Entertainment","Third-person shooter","Aug 11, 2025","CIB","17.47","22.49","55.69","22.49","0.0","0.0",1.0,0.90000004,1.0,?,"","","76",
"Microsoft Xbox 360","Systems","Owned","Xbox 360 Arcade [Banjo-Tooie & Viva Pinata Bundle]","United States of America","Official","Microsoft","Missing Field","Missing Field","May 11, 2026","Loose","?","159.5","550.5","?","0.0","0.0",1.0,?,?,?,"","","Missing Field",
"Microsoft Xbox 360","Games","Owned","Xbox Live Arcade Compilation Disc","United States of America","Official","Microsoft Game Studios","Various","Puzzle","Aug 11, 2025","CIB","6.45","6.81","13.8","6.81","?","0.0",1.0,1.0,1.0,?,"","","Missing Field",
"Sony PlayStation 3","Games","Owned","Guitar Hero Live (Not for Resale)","","","Missing Field","Missing Field","Missing Field","Aug 11, 2025","CIB","-1.0", "-1.0", "-1.0", "-1.0","?","0.0",1.0,1.0,1.0,?,"","","Missing Field",
"Sony PlayStation 3","Games","Owned","Alpha Protocol","United States of America","Official","Sega","Obsidian Entertainment","RPG","Aug 11, 2025","CIB","10.75","15.59","29.26","15.59","0.0","0.0",1.0,1.0,1.0,?,"","","64",
"Sony PlayStation 3","Games","Owned","Assassin's Creed III","United States of America","Official","Ubisoft Entertainment","Ubisoft Montreal, Ubisoft Annecy","Action, Adventure","Aug 11, 2025","CIB","5.25","6.2","13.67","6.2","?","0.0",1.0,1.0,1.0,?,"","","85",
"Sony PlayStation 3","Games","Owned","Assassin's Creed: Brotherhood","United States of America","Official","Ubisoft Entertainment","Ubisoft Montreal","Action","Aug 11, 2025","CIB","3.49","4.67","13.58","4.67","0.0","0.0",1.0,1.0,1.0,?,"","","90",
"Sony PlayStation 3","Games","Owned","Assassin's Creed: Rogue [Limited Edition]","United States of America","Official","Ubisoft","Ubisoft Sofia","Action, Adventure, Stealth","Dec 20, 2025","CIB","7.25","10.86","12.02","10.86","0.0","0.0",1.0,1.0,1.0,?,"","","72",
"Sony PlayStation 3","Games","Owned","Batman: Arkham Asylum [Game of the Year Edition]","United States of America","Official","Warner Bros. Interactive Entertainment","Rocksteady","Action, Adventure","Aug 11, 2025","CIB","9.46","9.6","13.6","9.6","0.0","0.0",1.0,1.0,1.0,?,"","","91",
"Sony PlayStation 3","Games","Owned","Beyond: Two Souls","United States of America","Official","Sony Computer Entertainment","Quantic Dream","Action, Adventure","Dec 29, 2025","CIB","9.44","12.2","15.45","12.2","0.0","0.0",1.0,1.0,1.0,?,"","","70",
"Sony PlayStation 3","Games","Owned","BioShock Infinite","United States of America","Official","2K Games","Irrational Games","First-person shooter","Aug 10, 2025","CIB","4.45","8.71","11.09","8.71","?","0.0",1.0,0.90000004,1.0,?,"","","94",
"Sony PlayStation 3","Games","Owned","Blazing Angels: Squadrons of WWII","United States of America","Official","Ubisoft Entertainment","Ubisoft","Flight Sim","Apr 19, 2026","CIB","7.96","9.27","20.27","9.27","0.0","0.0",1.0,1.0,1.0,?,"","","67",
"Sony PlayStation 3","Games","Owned","Call of Duty: Black Ops III","United States of America","Official","Activision","Treyarch","Action, First-person shooter","Apr 19, 2026","CIB","8.49","9.05","22.5","9.05","0.0","0.0",1.0,1.0,1.0,?,"","","Missing Field",
"Sony PlayStation 3","Games","Owned","Dark Sector","United States of America","Official","D3 Publisher Inc.","Digital Extremes","Action, First-person shooter","Aug 11, 2025","CIB","9.49","12.49","24.49","12.49","0.0","0.0",1.0,1.0,1.0,?,"","","72",
"Sony PlayStation 3","Games","Owned","Dead Space","United States of America","Official","Electronic Arts","EA Redwood Shores","First-person shooter, Horror","Aug 11, 2025","CIB","12.84","16.49","125.47","16.49","?","0.0",1.0,1.0,1.0,?,"","","88",
"Sony PlayStation 3","Games","Owned","Dead Space 3 [Limited Edition]","United States of America","Official","Electronic Arts","Visceral Games","First-person shooter, Horror","Mar 1, 2026","CIB","10.5","14.47","35.5","14.47","?","0.0",1.0,1.0,1.0,?,"","","76",
"Sony PlayStation 3","Games","Owned","Demon's Souls","United States of America","Official","Atlus Co., Ltd.","FromSoftware, Inc.","Action, RPG","Aug 11, 2025","CIB","22.49","41.45","78","41.45","?","0.0",1.0,1.0,1.0,?,"","","89",
"Sony PlayStation 3","Games","Owned","Diablo III: Reaper of Souls [Ultimate Evil Edition]","United States of America","Official","Blizzard Entertainment","Blizzard","Action, Adventure, RPG","Aug 11, 2025","CIB","11","11.96","22.49","11.96","0.0","0.0",1.0,1.0,1.0,?,"","","Missing Field",
"Sony PlayStation 3","Games","Owned","DiRT","United States of America","Official","Codemasters","Codemasters","Racing","Apr 5, 2026","CIB","10.77","12","40.45","12","0.0","0.0",1.0,1.0,1.0,?,"","","83",
"Sony PlayStation 3","Games","Owned","Dragon Ball Z: Burst Limit","United States of America","Official","Atari","Missing Field","Fighting","Aug 11, 2025","Boxed","17.3","30.1","125.34","27.29","?","0.0",1.0,0.6,?,?,"","","71",
"Sony PlayStation 3","Games","Owned","Epic Mickey 2: The Power of Two","United States of America","Official","Disney Interactive","Junction Point Studios","Platformer","May 16, 2026","CIB","10.18","10.5","24.49","10.5","0.0","0.0",1.0,0.8,1.0,?,"","","59",
"Sony PlayStation 3","Games","Owned","Escape Dead Island","United States of America","Official","Deep Silver","Fatshark","Action","Apr 12, 2026","CIB","7.34","7.47","12.49","7.47","0.0","0.0",1.0,1.0,1.0,?,"","","40",
"Sony PlayStation 3","Games","Owned","Final Fantasy XIII","United States of America","Official","Square Enix","Square Enix","RPG","Apr 12, 2026","CIB","8.49","12.25","50.49","12.25","0.0","0.0",1.0,1.0,1.0,?,"","","83",
"Sony PlayStation 3","Games","Owned","Fuel","United States of America","Official","Codemasters","Asobo Studio","Racing","Apr 5, 2026","CIB","14.53","17.35","30.49","17.35","0.0","0.0",1.0,1.0,1.0,?,"","","67",
"Sony PlayStation 3","Games","Owned","God of War III","United States of America","Official","Sony Computer Entertainment America, Inc.","Sony Santa Monica Studio","Action","Dec 3, 2025","CIB","10.09","10.49","27.04","10.49","0.0","0.0",1.0,1.0,1.0,?,"","","92",
"Sony PlayStation 3","Games","Owned","Grand Theft Auto IV","United States of America","Official","Rockstar Games","Rockstar North","Action, Adventure","Dec 29, 2025","CIB","13.55","17.98","93.21","17.98","0.0","0.0",1.0,1.0,1.0,?,"","","98",
"Sony PlayStation 3","Games","Owned","Haze","United States of America","Official","Ubisoft Entertainment","Free Radical Design","First-person shooter","Dec 31, 2025","CIB","8.68","11.79","37.99","11.79","0.0","0.0",1.0,0.90000004,0.90000004,?,"","","55",
"Sony PlayStation 3","Games","Owned","Heavenly Sword","United States of America","Official","Sony Computer Entertainment America, Inc.","Ninja Theory","Action, Adventure, Fighting, Beat 'em up","Aug 11, 2025","CIB","27.5","38.77","102.81","38.77","0.0","0.0",1.0,0.90000004,1.0,?,"","","79",
"Sony PlayStation 3","Games","Owned","Heavy Rain","United States of America","Official","Sony Computer Entertainment America, Inc.","Quantic Dream","Action, Adventure","Aug 10, 2025","CIB","7.25","8.27","21.49","8.27","?","0.0",1.0,1.0,1.0,?,"","","87",
"Sony PlayStation 3","Games","Owned","Homefront","United States of America","Official","THQ","Kaos Studios","Action, First-person shooter","Apr 19, 2026","CIB","6.55","8.07","24.5","8.07","0.0","0.0",1.0,1.0,1.0,?,"","","70",
"Sony PlayStation 3","Games","Owned","Hunted: The Demon's Forge","United States of America","Official","Bethesda Softworks","inXile Entertainment, Inc.","Action, Adventure","Dec 29, 2025","CIB","8.47","13.45","25.49","13.45","0.0","0.0",1.0,1.0,1.0,?,"","","57",
"Sony PlayStation 3","Games","Owned","IL-2 Sturmovik: Birds of Prey","United States of America","Official","505 Games","Gaijin Entertainment Corporation","Action, Flight Sim","Apr 12, 2026","CIB","8.99","12.29","28.76","12.29","0.0","0.0",1.0,1.0,1.0,?,"","","81",
"Sony PlayStation 3","Games","Owned","inFamous 2","United States of America","Official","Sony Computer Entertainment","Sucker Punch Productions","Action, Adventure","Aug 11, 2025","CIB","9.57","14.39","27.62","14.39","0.0","0.0",1.0,1.0,1.0,?,"","","83",
"Sony PlayStation 3","Games","Owned","Jak and Daxter Collection","United States of America","Official","Sony Computer Entertainment America, Inc.","Mass Media, Inc., Naughty Dog Software","Action, Adventure, Platformer","Nov 8, 2025","CIB","26.19","28.49","40.49","28.49","0.0","0.0",1.0,1.0,1.0,?,"","","81",
"Sony PlayStation 3","Games","Owned","Kane & Lynch: Dead Men","United States of America","Official","Eidos Interactive","IO Interactive","Third-person shooter","Dec 29, 2025","CIB","11.98","12.45","45.49","12.45","0.0","0.0",1.0,1.0,1.0,?,"","","64",
"Sony PlayStation 3","Games","Owned","Killzone 2","United States of America","Official","Sony Computer Entertainment America, Inc.","Guerrilla Games","Action, First-person shooter","Aug 11, 2025","CIB","8.33","12.49","21.38","12.49","?","0.0",1.0,1.0,1.0,?,"","","91",
"Sony PlayStation 3","Games","Owned","Killzone 3","United States of America","Official","Sony Computer Entertainment America, Inc.","Guerrilla Games","Action, First-person shooter","Dec 20, 2025","CIB","6.46","9.44","18.5","9.44","?","0.0",1.0,1.0,1.0,?,"","","84",
"Sony PlayStation 3","Games","Owned","Kung Fu Rider","United States of America","Official","Sony Computer Entertainment","Sony Japan Studio","Action, Adventure","Aug 11, 2025","CIB","5.78","8.17","11.45","8.17","0.0","0.0",1.0,1.0,1.0,?,"","","36",
"Sony PlayStation 3","Games","Owned","LittleBigPlanet","United States of America","Official","Sony Computer Entertainment America, Inc.","Media Molecule","Puzzle, Sandbox, Platformer","Aug 11, 2025","CIB","10.89","11.99","35","11.99","0.0","0.0",1.0,0.90000004,1.0,?,"","","95",
"Sony PlayStation 3","Games","Owned","Max Payne 3","United States of America","Official","Rockstar Games","Rockstar Games","Action, First-person shooter","May 5, 2026","CIB","12.47","13.64","27","13.64","0.0","0.0",1.0,1.0,1.0,?,"","","87",
"Sony PlayStation 3","Games","Owned","Metal Gear Solid 4 Guns of the Patriots [Not for Resale]","United States of America","Not For Resale","Konami Digital Entertainment, Inc.","Kojima Productions (Konami)","Action, Adventure, Strategy, First-person shooter, Stealth","Aug 11, 2025","CIB","10.49","11.48","40.26","11.48","?","0.0",1.0,1.0,1.0,?,"","","94",
"Sony PlayStation 3","Games","Owned","Mortal Kombat Vs. DC Universe [Greatest Hits]","United States of America","Official","Midway Games","Midway Games","Fighting","Apr 5, 2026","CIB","9.02","10.46","27.49","10.46","0.0","0.0",1.0,1.0,1.0,?,"","","76",
"Sony PlayStation 3","Games","Owned","Naruto Shippuden: Ultimate Ninja Storm Generations","United States of America","Official","Bandai Namco Entertainment","CyberConnect2 Co., Ltd.","Fighting","Apr 5, 2026","CIB","8.32","10.64","29.99","10.64","0.0","0.0",1.0,1.0,1.0,?,"","","74",
"Sony PlayStation 3","Games","Owned","Need for Speed: Rivals [Complete Edition]","United States of America","Official","Electronic Arts","Ghost Games","Racing","Apr 19, 2026","CIB","9.93","13.45","30.49","13.45","0.0","0.0",1.0,1.0,1.0,?,"","","80",
"Sony PlayStation 3","Systems","Owned","PlayStation 3 Slim Console 120GB","United States of America","Official","Sony","Missing Field","Missing Field","Jan 30, 2026","Loose","79.3","150.49","608.45","79.3","0.0","0.0",1.0,?,?,?,"","","Missing Field",
"Sony PlayStation 3","Games","Owned","Portal 2","United States of America","Official","Valve Corporation","Nuclear Monkey Software, Valve","Puzzle, First-person shooter","Dec 20, 2025","Loose+","9.49","11.49","32.81","12.49","0.0","0.0",1.0,?,1.0,?,"","","95",
"Sony PlayStation 3","Games","Owned","Ratchet & Clank Future: A Crack in Time","United States of America","Official","Sony Computer Entertainment America, Inc.","Insomniac Games","Action, Adventure, Platformer","Aug 11, 2025","CIB","15.78","19.85","44.98","19.85","0.0","0.0",1.0,1.0,1.0,?,"","","87",
"Sony PlayStation 3","Games","Owned","Ratchet & Clank Future: Tools of Destruction","United States of America","Official","Sony Computer Entertainment America, Inc.","Insomniac Games","Action, Platformer","Aug 11, 2025","CIB","11.18","15.5","38.34","15.5","0.0","0.0",1.0,0.90000004,1.0,?,"","","89",
"Sony PlayStation 3","Games","Owned","Red Dead Redemption","United States of America","Official","Rockstar Games","Rockstar San Diego","Action, Adventure, First-person shooter, Sandbox","Dec 31, 2025","CIB","10.34","11.2","57","11.2","0.0","0.0",1.0,0.90000004,0.90000004,?,"","","95",
"Sony PlayStation 3","Games","Owned","Red Faction: Guerrilla","United States of America","Official","THQ","Volition, Inc.","Action, First-person shooter","Dec 31, 2025","CIB","5.49","6.63","15.68","6.63","0.0","0.0",1.0,0.90000004,0.90000004,?,"","","85",
"Sony PlayStation 3","Games","Owned","Resident Evil 5","United States of America","Official","Capcom","Capcom","Action, First-person shooter, Horror","Dec 20, 2025","CIB","8.18","10.3","40.6","10.3","0.0","0.0",1.0,1.0,1.0,?,"","","84",
"Sony PlayStation 3","Games","Owned","Resident Evil 6","United States of America","Official","Capcom","Capcom","Action, First-person shooter, Horror","Aug 10, 2025","CIB","7.63","9.93","28.99","9.93","?","0.0",1.0,0.8,1.0,?,"","","74",
"Sony PlayStation 3","Games","Owned","Resistance: Fall of Man","United States of America","Official","Sony Computer Entertainment America, Inc.","Insomniac Games","Action, First-person shooter","Dec 31, 2025","CIB","10.15","10.5","35.95","10.5","0.0","0.0",1.0,0.90000004,0.90000004,?,"","","86",
"Sony PlayStation 3","Games","Owned","Sacred 2: Fallen Angel","United States of America","Official","Deep Silver, CDV Software Entertainment AG","ASCARON Entertainment GmbH","RPG, MMO","Dec 31, 2025","CIB","8.68","9.47","25.49","9.47","0.0","0.0",1.0,0.90000004,0.90000004,?,"","","70",
"Sony PlayStation 3","Games","Owned","Saints Row 2","United States of America","Official","THQ","Volition, Inc.","Action, Adventure, Sandbox, Third-person shooter","Aug 11, 2025","CIB","13.18","14.96","84.54","14.96","0.0","0.0",1.0,1.0,1.0,?,"","","82",
"Sony PlayStation 3","Games","Owned","Saints Row IV","United States of America","Official","Deep Silver","Volition, Inc.","Action, Adventure, Sandbox","Aug 11, 2025","CIB","5.75","8.45","17.71","8.45","0.0","0.0",1.0,1.0,1.0,?,"","","76",
"Sony PlayStation 3","Games","Owned","Saints Row: The Third","United States of America","Official","THQ","Volition, Inc.","Action","Aug 10, 2025","CIB","6.15","7.52","13.65","7.52","?","0.0",1.0,1.0,1.0,?,"","","82",
"Sony PlayStation 3","Games","Owned","Shaun White Skateboarding","United States of America","Official","Ubisoft","Ubisoft","Sports","Aug 11, 2025","CIB","5.38","8.03","10.49","8.03","0.0","0.0",1.0,0.90000004,1.0,?,"","","61",
"Sony PlayStation 3","Games","Owned","Shaun White Snowboarding","United States of America","Official","Ubisoft","Ubisoft Montreal","Sports","Aug 11, 2025","CIB","7.72","8.49","16.94","8.49","0.0","0.0",1.0,1.0,1.0,?,"","","63",
"Sony PlayStation 3","Games","Owned","Shift 2: Unleashed [Limited Edition]","United States of America","Official","Electronic Arts","Slightly Mad Studios","Racing","Apr 12, 2026","CIB","7.29","11.97","30.49","11.97","0.0","0.0",1.0,1.0,1.0,?,"","","81",
"Sony PlayStation 3","Games","Owned","Sly Cooper: Thieves in Time","United States of America","Official","Sony Computer Entertainment America, Inc.","Sanzaru Games","Action, Adventure, Platformer, Stealth","Nov 16, 2025","CIB","35.5","35.5","65.48","35.5","?","0.0",1.0,1.0,1.0,?,"","","75",
"Sony PlayStation 3","Games","Owned","Sniper Elite V2","United States of America","Official","505 Games","Rebellion","Action, Third-person shooter","Apr 19, 2026","CIB","7.41","8.49","12.66","8.49","0.0","0.0",1.0,1.0,1.0,?,"","","70",
"Sony PlayStation 3","Games","Owned","SOCOM 4: U.S. Navy SEALs","United States of America","Official","Sony Computer Entertainment Inc.","Zipper Interactive","First-person shooter","Apr 19, 2026","CIB","9.36","10.11","21","10.11","0.0","0.0",1.0,1.0,1.0,?,"","","67",
"Sony PlayStation 3","Games","Owned","Sonic Generations","United States of America","Official","Sega","Sonic Team","Action, Adventure, Platformer","May 4, 2026","Boxed","7.9","10.5","15.98","7.9","0.0","0.0",1.0,1.0,?,?,"","","76",
"Sony PlayStation 3","Games","Owned","Darkness II","United States of America","Official","2K Games","Digital Extremes","Adventure, First-person shooter","Aug 11, 2025","CIB","12.52","22.5","30.49","22.5","0.0","0.0",1.0,1.0,1.0,?,"","","79",
"Sony PlayStation 3","Games","Owned","ICO & Shadow of the Colossus Collection","United States of America","Official","Sony Computer Entertainment","Team Ico","Adventure","Aug 10, 2025","CIB","17.39","27.48","50.49","27.48","?","0.0",1.0,1.0,1.0,?,"","","92",
"Sony PlayStation 3","Games","Owned","Sims 3","United States of America","Official","Electronic Arts","The Sims Studio","Life Sim","Apr 19, 2026","CIB","5.12","8.05","15.58","8.05","0.0","0.0",1.0,1.0,1.0,?,"","","78",
"Sony PlayStation 3","Games","Owned","Sly Collection","United States of America","Official","Sony","Sucker Punch Productions","Action, Adventure","Nov 8, 2025","CIB","34.21","40","50.73","40","0.0","0.0",1.0,1.0,1.0,?,"","","85",
"Sony PlayStation 3","Games","Owned","Tom Clancy's Rainbow Six: Vegas","United States of America","Official","Ubisoft Entertainment","Ubisoft Montreal","First-person shooter","Dec 20, 2025","CIB","5.45","7.45","21.89","7.45","?","0.0",1.0,1.0,1.0,?,"","","86",
"Sony PlayStation 3","Games","Owned","Turok","United States of America","Official","Touchstone","Propaganda Games","Action, First-person shooter","Jul 12, 2026","CIB","12.59","16.5","60.6","16.5","0.0","0.0",1.0,1.0,1.0,?,"","","67",
"Sony PlayStation 3","Games","Owned","Uncharted 2: Among Thieves","United States of America","Official","Sony Computer Entertainment America, Inc.","Naughty Dog Software","Action, Adventure","Aug 11, 2025","CIB","5.85","8.5","16.93","8.5","0.0","0.0",1.0,1.0,1.0,?,"","","96",
"Sony PlayStation 3","Games","Owned","Uncharted: Drake's Fortune","United States of America","Official","Sony Computer Entertainment America, Inc.","Naughty Dog Software","Action, Adventure, First-person shooter","Aug 11, 2025","CIB","5.59","6.94","18.36","6.94","0.0","0.0",1.0,1.0,1.0,?,"","","88",
"Sony PlayStation 3","Games","Owned","Unreal Tournament III","United States of America","Official","Midway Games","Epic","Action, First-person shooter","Apr 12, 2026","CIB","6.71","7.9","23.7","7.9","0.0","0.0",1.0,1.0,1.0,?,"","","86",
"Sony PlayStation 3","Games","Owned","Untold Legends: Dark Kingdom","United States of America","Official","Sony Online Entertainment","Sony Online Entertainment","Action","Nov 28, 2025","CIB","11.08","12.49","25.4","12.49","0.0","0.0",1.0,1.0,1.0,?,"","","58",
"Sony PlayStation 3","Games","Owned","Valkyria Chronicles","United States of America","Official","Sega","Media.Vision Entertainment Inc., Sega","RPG, Strategy","Dec 31, 2025","CIB","8.77","10.35","16.23","10.35","0.0","0.0",1.0,0.90000004,0.90000004,?,"","","86",
"Sony PlayStation 3","Games","Owned","White Knight Chronicles II","United States of America","Official","Sony Computer Entertainment","Level-5","RPG","Nov 21, 2025","CIB","44.77","70.48","120.49","70.48","?","0.0",1.0,1.0,1.0,?,"","","60",
"Sony PlayStation 3","Games","Owned","Yaiba: Ninja Gaiden Z","United States of America","Official","Koei Tecmo","Spark Unlimited","Action, Adventure","Nov 21, 2025","CIB","14.84","21.88","40.49","21.88","?","0.0",0.90000004,1.0,1.0,?,"","","43",
"Microsoft Xbox Series X","Games","Owned","Anno 1800: Console Edition","United States of America","Official","Ubisoft","Ubisoft Montreal","Sandbox","Dec 29, 2025","CIB","?","15.49","19.5","15.49","0.0","0.0",1.0,1.0,1.0,?,"","","78",
"Microsoft Xbox Series X","Games","Owned","Control: Ultimate Edition","United States of America","Official","505 Games","Remedy Entertainment","Action","Aug 11, 2025","CIB","19.19","20.5","30.49","20.5","0.0","0.0",1.0,1.0,1.0,?,"","","87",
"Microsoft Xbox Series X","Games","Owned","Deathloop","United States of America","Official","Bethesda Softworks","Arkane Studios SA","Action, Adventure, First-person shooter","Jan 4, 2026","CIB","19.35","19.47","35.04","19.47","0.0","0.0",1.0,1.0,1.0,?,"","","89",
"Microsoft Xbox Series X","Games","Owned","Dragon Age: The Veilguard","United States of America","Official","Electronic Arts","BioWare","Action, Adventure, RPG","Aug 11, 2025","CIB","8.78","14.77","19.5","14.77","?","0.0",1.0,1.0,1.0,?,"","","85",
"Microsoft Xbox Series X","Games","Owned","Gotham Knights","United States of America","Official","Warner Bros. Interactive Entertainment","WB Games Montreal","Action, Adventure","Dec 20, 2025","CIB","8.73","10.83","10.22","10.83","0.0","0.0",1.0,1.0,1.0,?,"","","64",
"Microsoft Xbox Series X","Games","Owned","Greak: Memories of Azur","United States of America","Official","Team17 Software Limited","Navegante Entertainment","Action, Adventure","Sep 18, 2025","CIB","10.47","11.13","21.36","11.13","0.0","0.0",1.0,1.0,1.0,?,"","","64",
"Microsoft Xbox Series X","Games","Owned","Judgment","United States of America","Official","Sega","Ryu ga Gotoku Studio","Action, Adventure","Oct 25, 2025","CIB","10.69","16.54","14.93","16.54","0.0","0.0",1.0,1.0,1.0,?,"","","85",
"Microsoft Xbox Series X","Games","Owned","Mortal Kombat 1 [Premium Edition]","United States of America","Official","Warner Bros. Interactive Entertainment","NetherRealm Studios","Fighting","Oct 19, 2025","CIB","20.5","22.97","59.92","22.97","0.0","0.0",1.0,1.0,1.0,?,"","","85",
"Microsoft Xbox Series X","Games","Owned","NBA 2K22","United States of America","Official","2K","Visual Concepts","Sports","Aug 11, 2025","New","5.48","7.35","7.5","7.5","0.0","0.0",?,1.0,?,?,"","","76",
"Microsoft Xbox Series X","Games","Owned","NHL 24","United States of America","Official","EA Sports","EA Canada","Sports","Aug 11, 2025","CIB","5.61","6.68","10.48","6.68","0.0","0.0",1.0,1.0,1.0,?,"","","72",
"Microsoft Xbox Series X","Games","Owned","Redfall","United States of America","Official","Bethesda Softworks","Arkane Studios SA","Action, First-person shooter","Oct 19, 2025","Boxed","13.28","15.2","13","15.2","0.0","0.0",1.0,1.0,?,?,"","","56",
"Microsoft Xbox Series X","Games","Owned","Star Wars Jedi: Survivor","United States of America","Official","Electronic Arts","Respawn Entertainment","Action, Adventure","Aug 11, 2025","New","7.46","7.7","13.58","13.58","0.0","0.0",?,1.0,?,?,"","","84",
"Microsoft Xbox Series X","Systems","Owned","Xbox Series X 1TB Console","United States of America","Official","Microsoft","Microsoft","Missing Field","May 11, 2026","CIB","530.49","550.5","700.59","550.5","0.0","0.0",1.0,1.0,1.0,?,"","","Missing Field",
"Nintendo 3DS","Games","Owned","Luigi's Mansion: Dark Moon [Nintendo Selects]","United States of America","Official","Nintendo","Next Level Games","Action, Adventure","Jan 25, 2026","CIB","10.91","14.49","19.55","14.49","?","0.0",1.0,1.0,1.0,?,"","","86",
"Nintendo 3DS","Games","Owned","Yo-kai Watch","United States of America","Official","Nintendo","Level-5","RPG","Aug 11, 2025","CIB","20.48","26.51","31.59","26.51","0.0","0.0",1.0,1.0,1.0,?,"","","76",
"Microsoft Xbox","Games","Owned","Advent Rising","United States of America","Official","Majesco Entertainment","GlyphX Games","Action, Adventure, First-person shooter","May 4, 2026","Boxed","9.5","10.5","28.39","9.5","0.0","0.0",1.0,1.0,?,?,"","","68",
"Microsoft Xbox","Games","Owned","Arctic Thunder","United States of America","Official","Midway Games","Midway Games","Racing","Oct 10, 2025","CIB","9.84","14.22","47.56","14.22","0.0","0.0",1.0,0.8,1.0,?,"","","57",
"Microsoft Xbox","Games","Owned","Battlefield 2: Modern Combat","United States of America","Official","EA Games","Digital Illusions","First-person shooter","Apr 19, 2026","CIB","5.89","7.63","20.99","7.63","0.0","0.0",1.0,1.0,1.0,?,"","","80",
"Microsoft Xbox","Games","Owned","Blinx: The Time Sweeper","United States of America","Official","Microsoft Studios","Artoon Co., Ltd.","Action","Nov 8, 2025","Boxed","10.71","15.5","38.54","14.66","?","0.0",1.0,0.8,?,?,"","","71",
"Microsoft Xbox","Games","Owned","Brute Force","United States of America","Official","Microsoft Studios","Digital Anvil","Action, Third-person shooter","Oct 10, 2025","CIB","8.89","10.02","31.64","10.02","0.0","0.0",1.0,0.8,1.0,?,"","","77",
"Microsoft Xbox","Games","Owned","Conflict: Desert Storm II - Back To Baghdad","United States of America","Official","Gotham Games","Pivotal Games Ltd.","Action, Third-person shooter","Oct 10, 2025","CIB","9.73","12.19","47.42","12.19","0.0","0.0",1.0,0.8,1.0,?,"","","71",
"Microsoft Xbox","Games","Owned","Dead to Rights II","United States of America","Official","Namco","WideScreen Games","Action, First-person shooter","Jul 5, 2026","CIB","7.73","16.87","28.34","16.87","0.0","0.0",1.0,1.0,1.0,?,"","","54",
"Microsoft Xbox","Games","Owned","Destroy All Humans!","United States of America","Official","THQ","Pandemic Studios","Action, Adventure, Third-person shooter","Oct 10, 2025","Boxed","7.49","11.47","31.3","7.49","?","0.0",1.0,0.7,?,?,"","","76",
"Microsoft Xbox","Games","Owned","DOOM 3","United States of America","Official","Activision","Vicarious Visions","First-person shooter, Horror","Nov 8, 2025","CIB","5.29","10.74","33.11","10.74","?","0.0",1.0,0.8,0.8,?,"","","88",
"Microsoft Xbox","Games","Owned","Driv3r","United States of America","Official","Atari SA","Reflections Interactive","Racing, First-person shooter","Oct 10, 2025","CIB","8.09","8.49","46.64","8.49","0.0","0.0",1.0,0.8,1.0,?,"","","56",
"Microsoft Xbox","Games","Owned","Fable","United States of America","Official","Microsoft Studios","Lionhead Studios Ltd.","Action, RPG","Aug 11, 2025","CIB","8.09","14.99","77.61","14.99","?","0.0",1.0,1.0,1.0,?,"","","85",
"Microsoft Xbox","Games","Owned","Fable: The Lost Chapters - Best of Platinum Hits","United States of America","Official","Microsoft Studios, Feral Interactive","Lionhead Studios Ltd.","Action, RPG","Nov 23, 2025","CIB","13.41","14.56","33.68","14.56","?","0.0",1.0,1.0,1.0,?,"","","83",
"Microsoft Xbox","Games","Owned","Goblin Commander: Unleash the Horde","United States of America","Official","Jaleco Ltd.","Jaleco Ltd.","RPG, Strategy","Oct 16, 2025","CIB","10.49","13.54","37.93","13.54","0.0","0.0",1.0,0.8,1.0,?,"","","70",
"Microsoft Xbox","Games","Owned","Grabbed by the Ghoulies","United States of America","Official","Microsoft Studios","Rare, Ltd.","Action, Platformer","May 4, 2026","CIB","15.1","19.05","53.34","19.05","0.0","0.0",1.0,1.0,1.0,?,"","","66",
"Microsoft Xbox","Games","Owned","Grand Theft Auto: San Andreas [Second Edition]","United States of America","Official","Rockstar Games","Rockstar North","Action, Adventure","Aug 11, 2025","Loose","15.32","20.48","87.75","15.32","?","0.0",0.8,?,?,?,"","","93",
"Microsoft Xbox","Games","Owned","Halo: Combat Evolved","United States of America","Official","Microsoft Studios","Bungie","Action, First-person shooter","Oct 5, 2025","CIB","8.43","15.49","205.67","15.49","?","0.0",1.0,1.0,1.0,?,"","","97",
"Microsoft Xbox","Games","Owned","Hunter: The Reckoning","United States of America","Official","Interplay Entertainment Corp.","High Voltage Software, Inc.","Action, Adventure, RPG, Fighting, Horror, Beat 'em up","Jul 5, 2026","CIB","10.77","15.65","116.52","15.65","0.0","0.0",1.0,1.0,1.0,?,"","","79",
"Microsoft Xbox","Games","Owned","Indigo Prophecy","United States of America","Official","Atari SA","Quantic Dream","Adventure","Oct 16, 2025","CIB","13.99","15.5","26.73","15.5","0.0","0.0",1.0,0.8,1.0,?,"","","84",
"Microsoft Xbox","Games","Owned","Jade Empire","United States of America","Official","Microsoft Studios","BioWare","RPG","Nov 8, 2025","CIB","9.06","14.11","26.99","14.11","?","0.0",1.0,1.0,1.0,?,"","","89",
"Microsoft Xbox","Games","Owned","kill.switch","United States of America","Official","Namco","Namco","Action, First-person shooter","Aug 11, 2025","CIB","7.1","8.39","25.47","8.39","0.0","0.0",1.0,1.0,1.0,?,"","","75",
"Microsoft Xbox","Games","Owned","Medal of Honor: European Assault","United States of America","Official","EA Games","EA","First-person shooter","Oct 10, 2025","CIB","6.13","9.66","35.83","9.66","0.0","0.0",1.0,0.8,1.0,?,"","","72",
"Microsoft Xbox","Games","Owned","Medal of Honor: Rising Sun","United States of America","Official","EA Games","EA Los Angeles","Action, First-person shooter","Aug 11, 2025","Loose","7.49","9.5","28.49","7.49","?","0.0",1.0,?,?,?,"","","65",
"Microsoft Xbox","Games","Owned","Mortal Kombat: Deception","United States of America","Official","Midway Games","Midway","Fighting","Aug 11, 2025","CIB","11.88","16.36","65.37","16.36","?","0.0",1.0,1.0,1.0,?,"","","81",
"Microsoft Xbox","Games","Owned","Need for Speed Underground 2","United States of America","Official","Electronic Arts","EA Black Box","Racing","Oct 11, 2025","CIB","14.47","20.48","93.82","20.48","0.0","0.0",1.0,1.0,1.0,?,"","","77",
"Microsoft Xbox","Games","Owned","Need for Speed: Carbon","United States of America","Official","Electronic Arts","EA Black Box","Racing","Jul 5, 2026","CIB","9.78","12.75","39.47","12.75","0.0","0.0",1.0,1.0,1.0,?,"","","74",
"Microsoft Xbox","Games","Owned","NightCaster: Defeat the Darkness","United States of America","Official","Microsoft Studios, Xbox Game Studios","VR1 Entertainment","Action, Adventure, RPG","May 4, 2026","CIB","9.16","13.5","19.59","13.5","0.0","0.0",1.0,1.0,1.0,?,"","","61",
"Microsoft Xbox","Games","Owned","Ninja Gaiden","United States of America","Official","Tecmo","Team Ninja","Action, Adventure","Dec 31, 2025","CIB","6.88","12.5","101.07","12.5","0.0","0.0",1.0,0.90000004,0.90000004,?,"","","91",
"Microsoft Xbox","Games","Owned","Oddworld: Munch's Oddysee","United States of America","Official","Microsoft Studios","Oddworld Inhabitants","Adventure","Oct 16, 2025","CIB","7.42","8.75","40.49","8.75","0.0","0.0",1.0,0.8,1.0,?,"","","80",
"Microsoft Xbox","Games","Owned","Oddworld: Stranger's Wrath","United States of America","Official","EA Games","Oddworld Inhabitants","Action, Adventure, First-person shooter","May 4, 2026","CIB","8.92","12.37","32.51","12.37","0.0","0.0",1.0,1.0,1.0,?,"","","88",
"Microsoft Xbox","Games","Owned","Pariah","United States of America","Official","Digital Extremes","Groove Games","First-person shooter","Oct 10, 2025","CIB","6.49","7.95","18.3","7.95","0.0","0.0",1.0,0.8,1.0,?,"","","70",
"Microsoft Xbox","Games","Owned","Prisoner of War","United States of America","Official","Codemasters","Wide Games","Action, First-person shooter, Stealth","Oct 10, 2025","CIB","6.85","9.02","19.35","9.02","0.0","0.0",1.0,0.8,1.0,?,"","","64",
"Microsoft Xbox","Games","Owned","Return to Castle Wolfenstein: Tides of War","United States of America","Official","Activision","Nerve Software","Action, First-person shooter","May 16, 2026","CIB","8.72","10.49","80.47","10.49","0.0","0.0",0.90000004,1.0,1.0,?,"","","84",
"Microsoft Xbox","Games","Owned","Robotech: Battlecry","United States of America","Official","TDK Mediactive, Inc.","Vicious Cycle Software, Inc.","Action, First-person shooter","Dec 31, 2025","CIB","11.05","11.49","30.39","11.49","0.0","0.0",1.0,0.90000004,0.90000004,?,"","","74",
"Microsoft Xbox","Games","Owned","Sega GT 2002 & JSRF: Jet Set Radio Future","United States of America","Official","Sega","Sega, Smilebit","Racing","May 31, 2026","CIB","12.48","16.98","61.69","16.98","0.0","0.0",1.0,1.0,1.0,?,"","","Missing Field",
"Microsoft Xbox","Games","Owned","Shadow Ops: Red Mercury","United States of America","Official","Atari","Zombie Studios","First-person shooter","May 16, 2026","CIB","5.91","7.39","18.5","7.39","0.0","0.0",0.90000004,1.0,1.0,?,"","","61",
"Microsoft Xbox","Games","Owned","Sphinx and the Cursed Mummy","United States of America","Official","THQ","Eurocom","Action, Adventure","Jul 5, 2026","CIB","9.5","14.52","27.72","14.52","0.0","0.0",1.0,1.0,1.0,?,"","","79",
"Microsoft Xbox","Games","Owned","Spider-Man 2","United States of America","Official","Activision","Treyarch","Action, Adventure","Mar 24, 2026","CIB","10.97","15.16","62.5","15.16","0.0","0.0",1.0,1.0,1.0,?,"","","83",
"Microsoft Xbox","Games","Owned","SSX 3","United States of America","Official","EA Sports BIG","EA Canada","Adventure, Racing, Sports","May 4, 2026","CIB","10.31","12.71","67.98","12.71","0.0","0.0",1.0,1.0,1.0,?,"","","92",
"Microsoft Xbox","Games","Owned","Star Wars: Battlefront","United States of America","Official","LucasArts Entertainment Company LLC","Pandemic Studios","Action, First-person shooter","Oct 10, 2025","CIB","11.51","12.05","60.5","12.05","0.0","0.0",1.0,0.8,1.0,?,"","","80",
"Microsoft Xbox","Games","Owned","Star Wars: Knights of the Old Republic","United States of America","Official","LucasArts Entertainment Company LLC","BioWare","Action, RPG","Jan 18, 2026","CIB","8.89","15.24","85.02","15.24","0.0","0.0",1.0,1.0,1.0,?,"","","94",
"Microsoft Xbox","Games","Owned","Star Wars: The Clone Wars / Tetris Worlds","United States of America","Official","Microsoft Studios","Various","Action, Puzzle, First-person shooter","Nov 7, 2025","CIB","3.93","5.47","18","5.47","?","0.0",1.0,1.0,1.0,?,"","","Missing Field",
"Microsoft Xbox","Games","Owned","Starsky & Hutch","United States of America","Official","Gotham Games","Supersonic Software Ltd.","Racing","May 16, 2026","CIB","6.03","7.31","18.5","7.31","0.0","0.0",0.90000004,1.0,1.0,?,"","","58",
"Microsoft Xbox","Games","Owned","Stubbs the Zombie in Rebel Without a Pulse","United States of America","Official","Aspyr Media, Inc.","Wideload Games, Inc.","Action, Horror","Oct 5, 2025","Boxed","23.15","32.74","200.5","23.15","?","0.0",0.90000004,0.8,?,?,"","","75",
"Microsoft Xbox","Games","Owned","Tak 2: The Staff of Dreams","United States of America","Official","THQ","Avalanche Software LLC","Platformer","Nov 16, 2025","CIB","8.71","12.52","29.83","12.52","?","0.0",1.0,1.0,1.0,?,"","","73",
"Microsoft Xbox","Games","Owned","Tenchu: Return From Darkness","United States of America","Official","Activision","K2 LLC","Action, Adventure","Jan 18, 2026","CIB","7.34","19.48","45.49","19.48","0.0","0.0",1.0,1.0,1.0,?,"","","70",
"Microsoft Xbox","Games","Owned","Godfather","United States of America","Official","Electronic Arts","Page 44 Studios","Action","Aug 22, 2026","CIB","10.5","14.45","40.99","14.45","0.0","0.0",1.0,1.0,1.0,?,"","","77",
"Microsoft Xbox","Games","Owned","Incredibles","United States of America","Official","THQ","Heavy Iron Studios","Action, Platformer","Apr 5, 2026","CIB","7.5","10.36","55","10.36","0.0","0.0",1.0,1.0,1.0,?,"","","64",
"Microsoft Xbox","Games","Owned","Punisher","United States of America","Official","THQ","Volition, Inc.","Action, Third-person shooter","Oct 11, 2025","CIB","61.88","77.16","190.26","77.16","0.0","0.0",1.0,1.0,1.0,?,"","","69",
"Microsoft Xbox","Games","Owned","Suffering","United States of America","Official","Midway Games","Surreal Software, Inc.","Action, Horror","May 30, 2026","CIB","25.49","41","135.5","41","0.0","0.0",1.0,1.0,1.0,?,"","","77",
"Microsoft Xbox","Games","Owned","TimeSplitters: Future Perfect","United States of America","Official","EA Games","Free Radical Design","Action, First-person shooter","Nov 8, 2025","CIB","14.88","24.16","55.49","24.16","?","0.0",1.0,1.0,1.0,?,"","","83",
"Microsoft Xbox","Games","Owned","Tom Clancy's Ghost Recon: Island Thunder","United States of America","Official","Ubisoft","Red Storm Entertainment, Inc.","Action, First-person shooter","Apr 19, 2026","CIB","3.73","5.2","20.66","5.2","0.0","0.0",1.0,1.0,1.0,?,"","","81",
"Microsoft Xbox","Games","Owned","Tom Clancy's Rainbow Six 3","United States of America","Official","Ubisoft","Red Storm Entertainment, Inc.","Action, Strategy, First-person shooter","Oct 10, 2025","CIB","3.55","9","14.5","9","0.0","0.0",1.0,0.8,1.0,?,"","","86",
"Microsoft Xbox","Games","Owned","Tony Hawk's Underground","United States of America","Official","Activision","Neversoft Entertainment","Sports","Oct 11, 2025","CIB","8.26","15.21","34.49","15.21","?","0.0",1.0,1.0,1.0,?,"","","85",
"Microsoft Xbox","Games","Owned","True Crime: Streets of LA [Platinum Hits]","United States of America","Official","Activision","Luxoflux Corp.","Action, Adventure","Feb 9, 2026","CIB","8.2","14.28","26.19","14.28","?","0.0",1.0,1.0,1.0,?,"","","77",
"Microsoft Xbox","Games","Owned","Unreal Championship","United States of America","Official","Atari","Digital Extremes","First-person shooter","May 17, 2026","CIB","9.49","11.99","20.48","11.99","0.0","0.0",1.0,1.0,1.0,?,"","","83",
"Microsoft Xbox","Games","Owned","Unreal Championship 2: The Liandri Conflict","United States of America","Official","Midway Games","Epic Games, Inc.","Action, First-person shooter","Aug 11, 2025","CIB","10.11","13.41","36.97","13.41","0.0","0.0",1.0,1.0,1.0,?,"","","85",
"Microsoft Xbox","Games","Owned","Unreal Championship 2: The Liandri Conflict","United States of America","Official","Midway Games","Epic Games, Inc.","Action, First-person shooter","Jan 18, 2026","CIB","10.11","13.41","36.97","13.41","0.0","0.0",1.0,1.0,1.0,?,"","","85",
"Microsoft Xbox","Games","Owned","Unreal II: The Awakening","United States of America","Official","Atari SA","Legend Entertainment Company","First-person shooter","Nov 23, 2025","CIB","6.44","6.9","23.95","6.9","?","0.0",1.0,1.0,1.0,?,"","","64",
"Microsoft Xbox","Systems","Owned","Xbox System","United States of America","Official","Microsoft","Microsoft Game Studios","Missing Field","Oct 19, 2025","Loose","95.48","223.61","1,352.93","95.48","?","0.0",0.8,?,?,?,"","","Missing Field",
"Nintendo Wii U","Games","Owned","Captain Toad: Treasure Tracker","United States of America","Official","Nintendo","Nintendo","Puzzle, Strategy","Mar 24, 2026","CIB","9.57","10.5","29.22","10.5","0.0","0.0",1.0,1.0,1.0,?,"","","81",
"Nintendo Wii U","Games","Owned","Donkey Kong Country: Tropical Freeze","United States of America","Official","Nintendo","Retro Studios","Platformer","Aug 11, 2025","CIB","10.46","12.48","22.49","12.48","0.0","0.0",1.0,1.0,1.0,?,"","","83",
"Nintendo Wii U","Games","Owned","Nintendo Land","United States of America","Official","Nintendo","Nintendo","Action, Adventure, Racing, First-person shooter, Sports, Platformer","Aug 11, 2025","CIB","9.97","9.97","19.73","9.97","0.0","0.0",1.0,1.0,1.0,?,"","","77",
"Nintendo Wii U","Games","Owned","Rayman Legends","United States of America","Official","Ubisoft Entertainment","Ubisoft","Action, Platformer","Aug 11, 2025","Loose","8.49","12.17","29.5","8.49","?","0.0",1.0,?,?,?,"","","92",
"Nintendo Wii U","Games","Owned","Super Mario 3D World","United States of America","Official","Nintendo","Nintendo EAD Tokyo","Action, Adventure, Platformer","Aug 11, 2025","CIB","8.48","9.5","24.56","9.5","0.0","0.0",1.0,1.0,1.0,?,"","","93",
"Nintendo Wii U","Systems","Owned","Wii U Console Deluxe Black 32GB","United States of America","Official","Nintendo","Missing Field","Missing Field","Jan 30, 2026","Loose","144.44","195.5","795.5","144.44","?","0.0",?,?,?,?,"","","Missing Field",
"Nintendo Wii","Games","Owned","Babysitting Mama","United States of America","Official","Majesco Entertainment","Cooking Mama Limited","Life Sim","Aug 11, 2025","CIB","5.8","13.97","49.66","13.97","0.0","0.0",1.0,1.0,1.0,?,"","","Missing Field",
"Nintendo Wii","Games","Owned","Cooking Mama: Cook Off","United States of America","Official","Majesco Entertainment","Office Create","Life Sim","Aug 11, 2025","CIB","8.37","10.47","14.79","10.47","0.0","0.0",1.0,1.0,1.0,?,"","","61",
"Nintendo Wii","Games","Owned","de Blob","United States of America","Official","THQ","Blue Tongue Entertainment Pty, Ltd.","Action","Aug 11, 2025","CIB","5.41","7.69","16.49","7.69","0.0","0.0",1.0,1.0,1.0,?,"","","82",
"Nintendo Wii","Games","Owned","Epic Mickey","United States of America","Official","Disney Interactive","Junction Point Studios","Adventure, Platformer","Aug 11, 2025","CIB","6.22","6.74","10.36","6.74","0.0","0.0",1.0,1.0,1.0,?,"","","73",
"Nintendo Wii","Games","Owned","Far Cry Vengeance","United States of America","Official","Ubisoft Entertainment","Ubisoft","First-person shooter","Aug 11, 2025","CIB","5.46","10.56","17.98","10.56","0.0","0.0",1.0,1.0,1.0,?,"","","38",
"Nintendo Wii","Games","Owned","Kirby's Epic Yarn","United States of America","Official","Nintendo","HAL Laboratory","Platformer","Aug 11, 2025","CIB","15.5","18.35","36.32","18.35","?","0.0",1.0,1.0,0.90000004,?,"","","86",
"Nintendo Wii","Games","Owned","Monster 4x4: World Circuit","United States of America","Official","Ubisoft Entertainment","UbiSoft Barcelona","Racing","Aug 11, 2025","CIB","3.3","5.82","10.99","5.82","0.0","0.0",1.0,1.0,1.0,?,"","","51",
"Nintendo Wii","Systems","Owned","Nintendo Wii System","United States of America","Official","Nintendo","Nintendo","Missing Field","Jan 30, 2026","Loose","50.38","206.19","400.42","50.38","?","0.0",1.0,?,?,?,"","","Missing Field",
"Nintendo Wii","Games","Owned","Rhythm Heaven Fever","United States of America","Official","Nintendo","Nintendo","Music, Party","Aug 11, 2025","Boxed","129.06","150.75","220.46","129.06","0.0","0.0",1.0,1.0,?,?,"","","83",
"Nintendo Wii","Games","Owned","Super Mario Galaxy","United States of America","Official","Nintendo of America, Inc.","Nintendo EAD Tokyo","Action, Adventure, Platformer","Aug 11, 2025","CIB","14.35","16.3","55.49","16.3","?","0.0",1.0,1.0,1.0,?,"","","97",
"Nintendo Wii","Games","Owned","Tiger Woods PGA Tour 07","United States of America","Official","EA Games","EA","Sports","Aug 11, 2025","CIB","3.11","3.95","9.82","3.95","0.0","0.0",1.0,1.0,1.0,?,"","","71",
"Nintendo Wii","Games","Owned","UDraw Studio: Instant Artist","United States of America","Official","THQ","Pipeworks Software, Inc.","Management Sim","Aug 11, 2025","CIB","5.09","12.45","17","12.45","0.0","0.0",1.0,1.0,1.0,?,"","","Missing Field",
"Nintendo Wii","Games","Owned","Wii Fit","United States of America","Official","Nintendo","Nintendo","Fitness","Aug 11, 2025","CIB","6.65","7.77","10.69","7.77","0.0","0.0",1.0,1.0,1.0,?,"","","80",
"Nintendo Wii","Games","Owned","Zumba Fitness: Join the Party","United States of America","Official","Majesco Entertainment","Pipeworks Software, Inc.","Sports, Music","Aug 11, 2025","CIB","5.04","10.41","8.25","10.41","0.0","0.0",1.0,1.0,1.0,?,"","","Missing Field",
"Sony PSP","Games","Owned","Daxter","United States of America","Official","Sony Computer Entertainment America, Inc.","Ready at Dawn","Action, Adventure, Platformer","Aug 11, 2025","B","9.92","18.91","30.93","18.91","?","0.0",?,0.90000004,?,?,"","","85",
"Sony PSP","Games","Owned","Harry Potter and the Goblet of Fire","United States of America","Official","Electronic Arts","EA UK","Action","Aug 11, 2025","Boxed","10.43","10.49","27.49","10.48","0.0","0.0",1.0,1.0,1.0,?,"","","70",
"Sony PSP","Games","Owned","Metal Gear Solid: Portable Ops","United States of America","Official","Konami","Kojima Productions (Konami)","Action, Stealth","Aug 11, 2025","M+B","16.01","27.8","35.7","20.99","?","0.0",?,0.90000004,1.0,?,"","","87",
"Sony PSP","Games","Owned","Syphon Filter: Dark Mirror [Greatest Hits]","United States of America","Official","Sony","Sony Bend","Action, Third-person shooter","Aug 11, 2025","Boxed","6.71","7","15.74","6.71","0.0","0.0",1.0,1.0,1.0,?,"","","87",
"Sony PlayStation","Games","Owned","Biohazard 2 Dual Shock Ver.","Japan","Official","Capcom","Capcom","Action, Adventure, Horror","Dec 20, 2025","CIB","28.19","28.73","495.66","28.73","0.0","0.0",1.0,1.0,1.0,?,"","","Missing Field",
"Sony PlayStation","Games","Owned","Brave Fencer Musashi","United States of America","Official","Square EA","Squaresoft","Action, Adventure, RPG","Apr 26, 2026","CIB","65.73","159.19","518.8","159.19","0.0","0.0",?,?,?,?,"","","81",
"Sony PlayStation","Games","Owned","Brave Fencer Musashiden","Japan","Official","Square EA","Squaresoft","Action, RPG","Dec 20, 2025","CIB","11.61","12.41","166.93","12.41","0.0","0.0",1.0,1.0,1.0,?,"","","Missing Field",
"Sony PlayStation","Games","Owned","Breath of Fire III","Japan","Official","Capcom","Capcom","RPG","Dec 20, 2025","CIB","18.21","18.21","481.94","18.21","0.0","0.0",1.0,1.0,1.0,?,"","","Missing Field",
"Sony PlayStation","Games","Owned","Chrono Cross","United States of America","Official","Squaresoft","Squaresoft","RPG","May 4, 2026","CIB","17.97","26.49","30.5","26.49","0.0","0.0",1.0,1.0,1.0,?,"","","94",
"Sony PlayStation","Games","Owned","Cool Boarders 2","United States of America","Official","Sony Computer Entertainment","UEP Systems","Sports","Aug 11, 2025","CIB","4.27","10.87","29.47","10.87","0.0","0.0",?,?,?,?,"","","Missing Field",
"Sony PlayStation","Games","Owned","Dragon Quest VII: Eden no Senshi-tachi","Japan","Official","Enix Corporation","Heart Beat","RPG","Dec 20, 2025","CIB","9.85","13.28","59.49","13.28","0.0","0.0",1.0,1.0,1.0,?,"","","Missing Field",
"Sony PlayStation","Games","Owned","Ehrgeiz","Japan","Official","Squaresoft","Dream Factory","Fighting","Dec 20, 2025","CIB","11.95","17.98","163","17.98","0.0","0.0",1.0,1.0,1.0,?,"","","Missing Field",
"Sony PlayStation","Games","Owned","Final Fantasy VII INTERNATIONAL","Japan","Official","Square Enix","Square Enix","Action, RPG","Dec 20, 2025","CIB","?","26.25","67.5","26.25","0.0","0.0",1.0,1.0,1.0,?,"","","Missing Field",
"Sony PlayStation","Games","Owned","Metal Gear Solid","Japan","Official","Konami","Konami","Action, Adventure, Stealth","Dec 20, 2025","CIB","21.94","25.5","194.5","25.5","0.0","0.0",1.0,1.0,1.0,?,"","","94",
"Sony PlayStation","Games","Owned","Minna no Golf","Japan","Official","Sony Computer Entertainment","Missing Field","Sports","Dec 20, 2025","CIB","3.16","6.27","15.5","6.27","0.0","0.0",1.0,1.0,1.0,?,"","","Missing Field",
"Sony PlayStation","Games","Owned","Monopoly","United States of America","Official","Hasbro Interactive, Inc.","Gremlin","Puzzle, Strategy","Aug 11, 2025","CIB","3.5","8.94","14.23","8.94","?","0.0",1.0,1.0,1.0,?,"","","Missing Field",
"Sony PlayStation","Games","Owned","Mortal Kombat 4","United States of America","Official","Midway Games","Midway","Fighting","Aug 11, 2025","Boxed","14.76","33.36","200.49","31.95","?","0.0",1.0,0.6,0.2,?,"","","Missing Field",
"Sony PlayStation","Games","Owned","Parasite Eve","United States of America","Official","Square EA","Squaresoft","RPG, Horror","May 17, 2026","CIB+","63.72","129.94","342.72","129.94","0.0","0.0",1.0,1.0,1.0,?,"","","81",
"Sony PlayStation","Systems","Owned","PlayStation Console","United States of America","Official","Sony","SCEI","Missing Field","Jan 30, 2026","Loose","60.49","102.5","125.49","60.49","0.0","0.0",1.0,?,?,?,"","","Missing Field",
"Sony PlayStation","Games","Owned","Rockman X4","Japan","Official","Capcom","Capcom","Adventure","Dec 20, 2025","CIB","20.59","29.6","76.5","29.6","?","0.0",1.0,1.0,1.0,?,"","","Missing Field",
"Sony PlayStation","Games","Owned","Spec Ops: Covert Assault","United States of America","Official","Take-Two Interactive Software, Inc.","Runecraft","Action, Third-person shooter","Aug 28, 2026","New","4","4.48","10.49","10.49","0.0","0.0",?,?,?,?,"","","Missing Field",
"Sony PlayStation","Games","Owned","Spyro Year of the Dragon [Greatest Hits]","United States of America","Official","Sony Computer Entertainment","Insomniac Games","Adventure, Platformer","Aug 11, 2025","CIB","8.75","15.5","82.52","15.5","?","0.0",1.0,1.0,1.0,?,"","","91",
"Sony PlayStation","Games","Owned","Syphon Filter","United States of America","Official","989","Eidetic","Action, Stealth, Third-person shooter","Aug 11, 2025","CIB","8.96","13.95","42.96","13.95","0.0","0.0",1.0,1.0,0.90000004,?,"","","90",
"Sony PlayStation","Games","Owned","Tokyo Highway Battle","United States of America","Official","Jaleco Ltd.","Bullet-Proof Software, Inc.","Racing","Aug 11, 2025","CIB","8.59","13.25","38.39","13.25","0.0","0.0",?,?,?,?,"","","Missing Field",
"Sony PlayStation","Games","Owned","Tony Hawk's Pro Skater 2","United States of America","Official","Activision","Neversoft Entertainment","Sports","Aug 11, 2025","CIB","9.14","17.98","70.5","17.98","?","0.0",1.0,1.0,1.0,?,"","","98",
"Sony PlayStation","Games","Owned","Warhammer: Dark Omen","United States of America","Official","Electronic Arts","Mindscape International","RPG","Aug 11, 2025","Loose","14.53","26.06","66.5","14.53","?","0.0",1.0,?,?,?,"","","Missing Field",
"Sony PlayStation","Games","Owned","Wipeout XL","United States of America","Official","Psygnosis Limited","Psygnosis Limited","Racing","Aug 11, 2025","CIB","27","44.42","77.88","44.42","0.0","0.0",?,?,?,?,"","","93",
"PC","Games","Owned","Age of Empires","United States of America","Official","Microsoft","Microsoft","Real-time Strategy","Jan 25, 2026","CIB","10.99","42.5","307.07","42.5","?","0.0",1.0,1.0,1.0,?,"","","83",
"PC","Games","Owned","Black & White","United States of America","Official","EA Games","Lionhead Studios Ltd.","Management Sim","Aug 11, 2025","CIB","10.49","31.68","112.5","31.68","?","0.0",1.0,1.0,1.0,?,"","","90",
"PC","Games","Owned","Dark Seed","United States of America","Official","Cyberdreams, Inc.","Cyberdreams","Adventure, Point & Click","Aug 11, 2025","CIB","16.98","65.48","313.5","65.48","?","0.0",1.0,1.0,1.0,?,"","","Missing Field","PC","Games","Owned","Diablo Battle Chest (2nd version)","","Official","Blizzard Entertainment","Blizzard Entertainment","Action, RPG","Jan 25, 2026","Loose+","-1.0", "-1.0", "-1.0", "-1.0","?","0.0",1.0,?,1.0,?,"","","Missing Field",
"PC","Games","Owned","Fable: The Lost Chapters","United States of America","Official","Microsoft Studios","Lionhead Studios Ltd.","Action, Adventure, RPG, Fighting, Sandbox","Aug 11, 2025","CIB","3.86","11.21","30.13","11.21","?","0.0",1.0,1.0,1.0,?,"","","83",
"PC","Games","Owned","Fallout 3 [Game of the Year Edition]","United States of America","Official","Bethesda Softworks","Bethesda Game Studios","RPG","Aug 11, 2025","CIB","6.55","16.15","29.99","16.15","0.0","0.0",1.0,1.0,1.0,?,"","","Missing Field",
"PC","Games","Owned","Sid Meier's Civilization IV: The Complete Edition","United States of America","Official","2K Games","Missing Field","Flight Sim","Aug 11, 2025","CIB","5.43","11.35","18.45","11.35","0.0","0.0",1.0,1.0,0.90000004,?,"","","Missing Field",
"PC","Games","Owned","Sims 2 Apartment Life","United States of America","Official","Electronic Arts","Maxis Software","Life Sim","Aug 11, 2025","CIB","5.43","8.3","20.86","8.3","0.0","0.0",1.0,1.0,1.0,?,"","","75",
"PC","Games","Owned","Sims 2: Nightlife","United States of America","Official","Electronic Arts","Maxis Software","Life Sim","Aug 11, 2025","CIB","4.49","10.49","14.68","10.49","0.0","0.0",1.0,1.0,1.0,?,"","","76",
"PC","Games","Owned","Sims 2: Open for Business","United States of America","Official","Electronic Arts","Maxis Software","Life Sim","Aug 11, 2025","CIB","3.42","9","11.83","9","0.0","0.0",1.0,1.0,1.0,?,"","","78",
"PC","Games","Owned","Warcraft II: Battle.net Edition","United States of America","Official","Blizzard Entertainment","Blizzard Entertainment","Real-time Strategy","Jan 25, 2026","CIB","10.9","46.5","144.07","46.5","?","0.0",1.0,1.0,1.0,?,"","","Missing Field",
"PC","Games","Owned","Warcraft III: Battle Chest","United States of America","Official","Blizzard Entertainment","Blizzard Entertainment","Real-time Strategy","Jan 25, 2026","Loose+","9","23","45.5","15.25","?","0.0",0.90000004,?,0.90000004,?,"","","Missing Field",
"Sony PlayStation 2","Games","Owned","25 To Life","United States of America","Official","Eidos Interactive","Avalanche Software LLC","First-person shooter, Stealth","May 10, 2026","CIB","15.45","20.48","82.99","20.48","0.0","0.0",1.0,1.0,1.0,?,"","","39",
"Sony PlayStation 2","Games","Owned","Army Men: Green Rogue","United States of America","Official","3DO","3DO","Action, Shoot 'em up","Dec 29, 2025","CIB","9.03","12.43","27.99","12.43","0.0","0.0",1.0,1.0,1.0,?,"","","39",
"Sony PlayStation 2","Games","Owned","Arthur and the Invisibles: The Game","United States of America","Official","Atari SA","Etranges Libellules","Action, Adventure, Platformer","Feb 14, 2026","Boxed","6.15","8.47","12.66","6.58","?","0.0",1.0,1.0,?,?,"","","Missing Field",
"Sony PlayStation 2","Games","Owned","Baldur's Gate: Dark Alliance","United States of America","Official","Interplay Entertainment Corp.","Black Isle Studios","Action, RPG","Dec 3, 2025","CIB","15.4","18.48","45.5","18.48","?","0.0",1.0,1.0,1.0,?,"","","87",
"Sony PlayStation 2","Games","Owned","Brothers in Arms: Earned in Blood","United States of America","Official","Ubisoft","Gearbox","Action, Strategy, First-person shooter","Oct 23, 2025","CIB","5.55","7.22","17.68","7.22","0.0","0.0",0.8,0.8,1.0,?,"","","71",
"Sony PlayStation 2","Games","Owned","Brothers in Arms: Earned in Blood","United States of America","Official","Ubisoft","Gearbox","Action, Strategy, First-person shooter","Dec 31, 2025","Boxed","5.55","7.22","17.68","5.55","?","0.0",1.0,1.0,?,?,"","","71",
"Sony PlayStation 2","Games","Owned","Bully","United States of America","Official","Rockstar Games","Rockstar Vancouver","Action, Adventure, Sports","May 10, 2026","CIB","18.97","36","175.5","36","0.0","0.0",0.8,0.8,0.8,?,"","","87",
"Sony PlayStation 2","Games","Owned","Dark Cloud 2","United States of America","Official","Sony","Level-5","Action, RPG","May 17, 2026","CIB","25.49","46","116.65","46","0.0","0.0",1.0,1.0,1.0,?,"","","87",
"Sony PlayStation 2","Games","Owned","Dark Cloud [Greatest Hits]","United States of America","Official","Sony Computer Entertainment","Level-5","RPG","Nov 23, 2025","CIB","12.2","15.49","30.5","15.49","?","0.0",1.0,1.0,1.0,?,"","","80",
"Sony PlayStation 2","Games","Owned","Destroy All Humans!","United States of America","Official","THQ","Pandemic Studios","Adventure","Dec 3, 2025","Boxed","7.37","12.5","28.97","12.48","?","0.0",1.0,1.0,?,?,"","","74",
"Sony PlayStation 2","Games","Owned","Final Fantasy X","United States of America","Official","Squaresoft","Squaresoft","RPG","Nov 2, 2025","CIB","7.5","13.67","26.41","13.67","?","0.0",1.0,1.0,1.0,?,"","","92",
"Sony PlayStation 2","Games","Owned","Final Fantasy X-2","United States of America","Official","Square Enix, Enix Corporation","Square Enix","RPG","Nov 2, 2025","Boxed","6.71","10.49","35.5","10.49","?","0.0",1.0,1.0,?,?,"","","85",
"Sony PlayStation 2","Games","Owned","God of War II","United States of America","Official","Sony Computer Entertainment America, Inc.","Sony Santa Monica Studio","Action, Platformer","Nov 2, 2025","CIB+","12.5","17.5","69.48","17.5","?","0.0",1.0,1.0,1.0,?,"","","93",
"Sony PlayStation 2","Games","Owned","Grand Theft Auto: Vice City","United States of America","Official","Rockstar Games","Rockstar North","Action, Adventure, Sandbox","Oct 23, 2025","Boxed","10.64","14.49","44.98","10.64","0.0","0.0",0.6,0.2,?,?,"","","95",
"Sony PlayStation 2","Games","Owned","Harry Potter and the Prisoner of Azkaban","United States of America","Official","EA Arts","EA Games","Action, Adventure","Dec 29, 2025","CIB","8.86","10.9","34.5","10.9","0.0","0.0",1.0,1.0,1.0,?,"","","70",
"Sony PlayStation 2","Games","Owned","Hitman: Blood Money","United States of America","Official","Eidos Interactive","IO Interactive","Action, First-person shooter, Stealth","Nov 14, 2025","CIB","6.48","9.55","35.1","9.55","?","0.0",1.0,0.8,1.0,?,"","","83",
"Sony PlayStation 2","Games","Owned","Hitman: Contracts","United States of America","Official","Eidos Interactive","IO Interactive","Action","Nov 23, 2025","CIB","7.22","9.24","34.5","9.24","?","0.0",1.0,1.0,1.0,?,"","","80",
"Sony PlayStation 2","Games","Owned","Jak and Daxter: The Precursor Legacy","United States of America","Official","Sony Computer Entertainment America, Inc.","Naughty Dog Software","Action, Adventure, Platformer","Dec 31, 2025","Boxed","11.02","14.18","39.97","11.02","?","0.0",1.0,1.0,?,?,"","","90",
"Sony PlayStation 2","Games","Owned","James Bond 007: Agent Under Fire [Greatest Hits]","United States of America","Official","EA Games","EA Games","Adventure, First-person shooter","May 31, 2026","CIB","8.14","8.43","29.8","8.43","0.0","0.0",1.0,1.0,1.0,?,"","","72",
"Sony PlayStation 2","Games","Owned","Justice League Heroes","United States of America","Official","Eidos Interactive","Snowblind Studios","Action","Oct 23, 2025","Boxed","12.25","14","45.47","12.25","?","0.0",0.8,0.2,?,?,"","","68",
"Sony PlayStation 2","Games","Owned","Kessen","United States of America","Official","Electronic Arts","Koei","Strategy","Oct 25, 2025","CIB","6.64","8.3","46.5","8.3","0.0","0.0",1.0,1.0,1.0,?,"","","75",
"Sony PlayStation 2","Games","Owned","Kessen II","United States of America","Official","Koei Co., Ltd.","Koei","Strategy","Oct 25, 2025","CIB","12.88","13.52","45.45","13.52","0.0","0.0",1.0,1.0,1.0,?,"","","71",
"Sony PlayStation 2","Games","Owned","kill.switch","United States of America","Official","Sony","Namco Hometek","Action, First-person shooter","Dec 3, 2025","CIB","7.69","9.3","25.15","9.3","?","0.0",1.0,1.0,1.0,?,"","","73",
"Sony PlayStation 2","Games","Owned","Killzone","United States of America","Official","Sony Computer Entertainment America, Inc.","Guerrilla Games","Action, First-person shooter","Nov 14, 2025","CIB","8.77","14.65","46.5","14.65","?","0.0",1.0,1.0,1.0,?,"","","70",
"Sony PlayStation 2","Games","Owned","Legaia 2: Duel Saga","United States of America","Official","Eidos Interactive","Prokion","RPG","Jul 3, 2026","CIB","13.62","25.5","62.33","25.5","0.0","0.0",1.0,1.0,1.0,?,"","","67",
"Sony PlayStation 2","Games","Owned","Malice","United States of America","Official","Evolved Games","Argonaut Games","Action, Adventure, Platformer","Nov 14, 2025","CIB","9.5","15.49","25.49","15.49","?","0.0",1.0,1.0,1.0,?,"","","51",
"Sony PlayStation 2","Games","Owned","Medal of Honor: Vanguard","United States of America","Official","Electronic Arts","Electronic Arts","Action, First-person shooter","Oct 23, 2025","CIB","9.32","11.59","30.5","11.59","0.0","0.0",0.8,0.8,1.0,?,"","","63",
"Sony PlayStation 2","Games","Owned","Mega Man Anniversary Collection","United States of America","Official","Capcom","Atomic Planet Entertainment Limited","Action, Platformer","Nov 7, 2025","CIB","10.5","12.5","16.55","12.5","0.0","0.0",1.0,1.0,1.0,?,"","","81",
"Sony PlayStation 2","Games","Owned","Mega Man X: Command Mission","United States of America","Official","Capcom","Capcom","Action, RPG","Jan 24, 2026","CIB","33.02","63","105.71","63","?","0.0",1.0,1.0,1.0,?,"","","69",
"Sony PlayStation 2","Games","Owned","Metal Gear Solid 2: Sons Of Liberty","United States of America","Official","Konami","Konami Computer Entertainment Japan","Action, Adventure, Stealth","Dec 3, 2025","Boxed","11.03","15.5","175.49","11.03","?","0.0",1.0,1.0,?,?,"","","96",
"Sony PlayStation 2","Games","Owned","Midway Arcade Treasures","United States of America","Official","Midway Games","Digital Eclipse Software, Inc.","Action, Adventure, Puzzle, Racing, Platformer","May 31, 2026","Boxed","11.05","12.83","25.45","11.05","0.0","0.0",1.0,1.0,?,?,"","","76",
"Sony PlayStation 2","Games","Owned","MTV's Celebrity Deathmatch","United States of America","Official","Take-Two Interactive Software, Inc.","Big Ape Productions","Fighting","Nov 2, 2025","CIB","12","17.18","49.52","17.18","0.0","0.0",1.0,1.0,1.0,?,"","","32",
"Sony PlayStation 2","Games","Owned","Myst III: Exile","United States of America","Official","Ubisoft","Presto Studios","Adventure","Dec 29, 2025","CIB","5.47","5.51","14.88","5.51","0.0","0.0",1.0,1.0,1.0,?,"","","57",
"Sony PlayStation 2","Games","Owned","Mystic Heroes","United States of America","Official","Koei Co., Ltd.","Koei","Fighting","Dec 3, 2025","CIB","12.94","17.55","65.11","17.55","?","0.0",1.0,1.0,1.0,?,"","","67",
"Sony PlayStation 2","Games","Owned","Open Season","United States of America","Official","Ubisoft Entertainment","Ubisoft Entertainment","Action","Oct 23, 2025","CIB","5.03","11.68","22.45","11.68","0.0","0.0",0.8,0.8,1.0,?,"","","57",
"Sony PlayStation 2","Games","Owned","PK: Out of the Shadows","United States of America","Official","Ubisoft Entertainment","Ubisoft","Platformer","Nov 7, 2025","CIB","11.8","18.48","45.49","18.48","0.0","0.0",1.0,1.0,1.0,?,"","","49",
"Sony PlayStation 2","Systems","Owned","PlayStation 2 Console","United States of America","Official","SCEA","SCEI","Missing Field","Jan 30, 2026","Loose","105.69","271.92","2,200.48","105.69","0.0","0.0",1.0,?,?,?,"","","Missing Field",
"Sony PlayStation 2","Games","Owned","Prince of Persia: The Sands of Time","United States of America","Official","Ubisoft Entertainment","Ubisoft","Action, Adventure","Oct 5, 2025","CIB","8.31","10.44","36.72","10.44","?","0.0",0.7,0.8,0.8,?,"","","92",
"Sony PlayStation 2","Games","Owned","Prince of Persia: The Two Thrones","United States of America","Official","Ubisoft Entertainment","Ubisoft","Action, Adventure","Oct 5, 2025","CIB","6.5","10.44","30.49","10.44","?","0.0",0.8,0.8,0.8,?,"","","85",
"Sony PlayStation 2","Games","Owned","Prince of Persia: Warrior Within","United States of America","Official","Ubisoft Entertainment","Ubisoft","Action, Adventure","Oct 5, 2025","CIB","6.68","11.25","25.5","11.25","?","0.0",0.8,0.8,0.8,?,"","","83",
"Sony PlayStation 2","Games","Owned","Ratchet: Deadlocked","United States of America","Official","Sony","Insomniac Games","Action, RPG, First-person shooter, Sports, Platformer","Dec 31, 2025","CIB","12.38","15.71","42.99","15.71","0.0","0.0",1.0,0.90000004,0.90000004,?,"","","81",
"Sony PlayStation 2","Games","Owned","Red Faction","United States of America","Official","THQ","Volition, Inc.","Action, First-person shooter","Dec 29, 2025","CIB","7.78","10.57","59.44","10.57","0.0","0.0",1.0,1.0,1.0,?,"","","88",
"Sony PlayStation 2","Games","Owned","Rygar: The Legendary Adventure","United States of America","Official","Tecmo","Tecmo","Action, Adventure","Nov 14, 2025","CIB","9.08","17.67","45.45","17.67","?","0.0",1.0,1.0,1.0,?,"","","83",
"Sony PlayStation 2","Games","Owned","Spider-Man 3","United States of America","Official","EA Games","Vicarious Visions","Action","Oct 23, 2025","Boxed","10.87","14.63","49.12","14.17","?","0.0",0.8,0.2,?,?,"","","50",
"Sony PlayStation 2","Games","Owned","Spy Hunter [Greatest Hits]","United States of America","Official","Midway Games","Paradigm Entertainment Inc.","Racing","Nov 2, 2025","Boxed","7.01","8.61","18.12","7.01","?","0.0",1.0,1.0,?,?,"","","84",
"Sony PlayStation 2","Games","Owned","SSX on Tour","United States of America","Official","EA Sports BIG","EA Canada","Sports","Nov 28, 2025","CIB","8.02","11.69","31.04","11.69","0.0","0.0",1.0,1.0,1.0,?,"","","80",
"Sony PlayStation 2","Games","Owned","State Of Emergency","United States of America","Official","Rockstar Games","VIS Entertainment","Action, Beat 'em up","Nov 8, 2025","Boxed","10.98","11.49","62.97","10.98","?","0.0",1.0,1.0,?,?,"","","71",
"Sony PlayStation 2","Games","Owned","Summoner","United States of America","Official","THQ","Volition, Inc.","RPG","Nov 2, 2025","CIB","9.49","12.31","51.87","12.31","0.0","0.0",1.0,1.0,1.0,?,"","","74",
"Sony PlayStation 2","Games","Owned","Tak and the Power of Juju","United States of America","Official","THQ","Avalanche Software LLC","Action, Adventure, Platformer","Feb 14, 2026","Boxed","11.49","12.49","71.59","11.49","?","0.0",1.0,1.0,0.2,?,"","","68",
"Sony PlayStation 2","Games","Owned","Teenage Mutant Ninja Turtles: Smash-Up","United States of America","Official","Ubisoft Entertainment","Game Arts","Fighting","Oct 23, 2025","CIB","13.84","18.72","62.93","18.72","0.0","0.0",0.8,0.8,1.0,?,"","","Missing Field",
"Sony PlayStation 2","Games","Owned","Tekken Tag Tournament [Greatest Hits]","United States of America","Official","Namco","Namco","Fighting","May 17, 2026","CIB","11.66","12.02","49.12","12.02","0.0","0.0",1.0,1.0,1.0,?,"","","85",
"Sony PlayStation 2","Games","Owned","Bard's Tale","United States of America","Official","Vivendi Games","inXile Entertainment, Inc.","Action, RPG","Oct 25, 2025","CIB","8.68","9.5","21.11","9.5","0.0","0.0",1.0,1.0,1.0,?,"","","76",
"Sony PlayStation 2","Games","Owned","Incredible Hulk","United States of America","Official","Sega","Edge of Reality Inc.","Action","Dec 3, 2025","Boxed","10.98","15.5","68.45","11.51","?","0.0",1.0,1.0,?,?,"","","50",
"Sony PlayStation 2","Games","Owned","Lord of the Rings: Aragorn's Quest","United States of America","Official","Warner Bros","Headstrong Games","Missing Field","Oct 25, 2025","CIB","5.97","7.8","12.55","7.8","0.0","0.0",1.0,1.0,1.0,?,"","","Missing Field",
"Sony PlayStation 2","Games","Owned","Mark of Kri","United States of America","Official","Sony","Sony","Action, Stealth, Beat 'em up","Nov 2, 2025","CIB","7.23","9.17","24.35","9.17","0.0","0.0",1.0,1.0,1.0,?,"","","80",
"Sony PlayStation 2","Games","Owned","Thrillville: Off the Rails","United States of America","Official","LucasArts","Frontier Developments","Missing Field","Dec 29, 2025","CIB","5.83","10.49","22.86","10.49","0.0","0.0",1.0,1.0,1.0,?,"","","70",
"Sony PlayStation 2","Games","Owned","Tom Clancy's Ghost Recon: Jungle Storm","United States of America","Official","Ubisoft Entertainment","Ubisoft","Missing Field","May 16, 2026","CIB","5.34","9.56","22.49","9.56","0.0","0.0",0.90000004,1.0,1.0,?,"","","70",
"Sony PlayStation 2","Games","Owned","Tom Clancy's Rainbow Six: Lockdown","United States of America","Official","Ubisoft Entertainment","Red Storm Entertainment, Inc.","Action, First-person shooter","Dec 29, 2025","CIB","7.43","8.91","24.06","8.91","0.0","0.0",1.0,1.0,1.0,?,"","","70",
"Sony PlayStation 2","Games","Owned","Tom Clancy's Splinter Cell: Pandora Tomorrow","United States of America","Official","Ubisoft Entertainment","Ubisoft","Action","Aug 11, 2025","CIB","7.37","9.49","26.4","9.49","0.0","0.0",?,?,?,?,"","","87",
"Sony PlayStation 2","Games","Owned","Tom Clancy's Splinter Cell: Pandora Tomorrow","United States of America","Official","Ubisoft Entertainment","Ubisoft","Action","Nov 2, 2025","Boxed","7.37","9.49","26.4","7.37","0.0","0.0",1.0,1.0,?,?,"","","87",
"Sony PlayStation 2","Games","Owned","Tony Hawk's Proving Ground","United States of America","Official","Activision","Activision","Sports","Feb 14, 2026","CIB","6.48","9.49","16.98","9.49","?","0.0",1.0,1.0,1.0,?,"","","65",
"Sony PlayStation 2","Games","Owned","Transformers: The Game","United States of America","Official","Activision","Traveller's Tales Ltd.","Action, Adventure, Fighting","Dec 31, 2025","CIB","7.45","10.5","33.99","10.5","0.0","0.0",1.0,0.90000004,0.90000004,?,"","","56",
"Sony PlayStation 2","Games","Owned","Ty the Tasmanian Tiger","United States of America","Official","EA Games","Krome Studios Pty Ltd.","Platformer","Nov 23, 2025","CIB","9.16","10.39","65.48","10.39","?","0.0",1.0,1.0,1.0,?,"","","70",
"Sony PlayStation 2","Games","Owned","Ty the Tasmanian Tiger 3: Night of the Quinkan","United States of America","Official","Activision","Krome Studios Pty Ltd.","Action, Adventure","Nov 2, 2025","CIB","13.49","18.32","45.5","18.32","0.0","0.0",1.0,1.0,1.0,?,"","","68",
"Sony PlayStation 2","Games","Owned","Wild Arms 3","United States of America","Official","Sony","Media.Vision Entertainment Inc.","RPG","Nov 23, 2025","CIB","12.65","25.13","55.32","25.13","?","0.0",1.0,1.0,1.0,?,"","","78",
"Sony PlayStation 2","Games","Owned","WWE SmackDown vs. Raw 2007","United States of America","Official","THQ","Yuke's Co. Ltd.","Fighting, Sports","Oct 23, 2025","Boxed","14.34","18.48","60.49","17.42","?","0.0",1.0,0.6,?,?,"","","80",
"Sony PlayStation 2","Games","Owned","Zapper: One Wicked Cricket","United States of America","Official","Infogrames Entertainment","Missing Field","Missing Field","Nov 7, 2025","CIB","5.49","10.56","33.49","10.56","0.0","0.0",1.0,1.0,1.0,?,"","","Missing Field",
"Nintendo Game Boy","Games","Owned","Donkey Kong","Japan","Official","Nintendo","Nintendo EAD, Pax Softnica","Puzzle, Platformer","Sep 7, 2025","CIB","13.39","36.29","127.48","36.29","?","0.0",1.0,0.6,1.0,?,"","","Missing Field",
"Nintendo Game Boy","Games","Owned","Kirby's Dream Land","United States of America","Official","Nintendo of America, Inc.","HAL Laboratory","Platformer","Aug 11, 2025","Loose","22.24","120.45","849.24","22.24","?","0.0",1.0,?,?,?,"","","Missing Field",
"Nintendo Game Boy","Games","Owned","Pac-Man","United States of America","Official","Namco","Namco","Puzzle","Jan 25, 2026","Loose","10.49","31.58","116.88","10.49","?","0.0",1.0,?,?,?,"","","Missing Field",
"Nintendo Game Boy","Games","Owned","Tetris","United States of America","Official","Nintendo of America, Inc.","Nintendo R&D1","Puzzle","Jan 25, 2026","Loose","16.5","36.31","453.13","16.5","?","0.0",1.0,?,?,?,"","","Missing Field",
"Nintendo GameCube","Games","Owned","Harry Potter: Quidditch World Cup","United States of America","Official","Electronic Arts","Magic Pockets","Sports","Dec 20, 2025","CIB","8.32","12.98","42.13","12.98","0.0","0.0",1.0,1.0,1.0,?,"","","68",
"Nintendo GameCube","Games","Owned","Metroid Prime","United States of America","Official","Nintendo of America, Inc.","Retro Studios","Action, Adventure, First-person shooter, Platformer","Feb 9, 2026","Boxed","19.78","25.5","170.49","19.78","?","0.0",1.0,1.0,?,?,"","","97",
"Nintendo GameCube","Games","Owned","Monster House","United States of America","Official","THQ","Artificial Mind & Movement","Action, Adventure, Horror","Apr 5, 2026","CIB","17.48","19.96","60.03","19.96","0.0","0.0",1.0,1.0,1.0,?,"","","60",
"Nintendo GameCube","Games","Owned","NBA Street","United States of America","Official","EA Sports BIG","EA Canada","Sports","Jan 30, 2026","CIB","15.49","28.28","86.36","28.28","?","0.0",1.0,1.0,1.0,?,"","","88",
"Nintendo GameCube","Systems","Owned","Nintendo GameCube System [Black]","United States of America","Official","Nintendo","Nintendo","Missing Field","Dec 3, 2025","Loose","93.09","192.76","1,213","93.09","?","0.0",0.8,?,?,?,"","","Missing Field",
"Nintendo GameCube","Games","Owned","Star Fox Adventures [Player's Choice]","United States of America","Official","Nintendo","Rare, Ltd.","Action, Adventure","Jan 30, 2026","CIB","36.21","50.49","111.64","50.49","?","0.0",1.0,1.0,1.0,?,"","","82",
"Nintendo GameCube","Games","Owned","Tom Clancy's Splinter Cell","United States of America","Official","Ubisoft Entertainment","Ubisoft","Action, Stealth, Third-person shooter","Dec 3, 2025","CIB","13.24","15.49","49.5","15.49","?","0.0",1.0,1.0,1.0,?,"","","89",
"Sony PlayStation 5","Games","Owned","Astro Bot","United States of America","Official","Sony Interactive Entertainment","Team Asobi","Platformer","Feb 13, 2026","CIB","31.5","33.96","36.94","33.96","?","0.0",1.0,1.0,1.0,?,"","","94",
"Sony PlayStation 5","Games","Owned","Darkest Dungeon II","United States of America","Official","SkyBound Games","Red Hook Studios","RPG, Strategy","Mar 24, 2026","CIB","15.51","16.49","20.48","16.49","0.0","0.0",1.0,1.0,1.0,?,"","","Missing Field",
"Sony PlayStation 5","Games","Owned","Destruction Allstars","United States of America","Official","Sony Interactive Entertainment","Lucid Games","Racing, Vehicle Sim","May 10, 2026","CIB","6.47","9.14","10.47","9.14","0.0","0.0",1.0,1.0,1.0,?,"","","62",
"Sony PlayStation 5","Games","Owned","Final Fantasy VII Remake Intergrade","United States of America","Official","Square Enix","Square Enix","Action, RPG","Apr 24, 2026","CIB","23.99","25.49","38.49","25.49","0.0","0.0",1.0,1.0,1.0,?,"","","89",
"Sony PlayStation 5","Games","Owned","Forspoken","United States of America","Official","Square Enix","Luminous Productions","Action, RPG","Dec 29, 2025","CIB","10.36","11.75","14.23","11.75","0.0","0.0",1.0,1.0,1.0,?,"","","64",
"Sony PlayStation 5","Games","Owned","Ghostrunner","United States of America","Official","505 Games","One More Level","Action, Platformer","Apr 24, 2026","CIB","15.49","18.04","21.94","18.04","0.0","0.0",1.0,1.0,1.0,?,"","","80",
"Sony PlayStation 5","Games","Owned","Ghostwire: Tokyo","United States of America","Official","Bethesda Softworks","Tango gameworks","Action, Adventure, Horror","Mar 2, 2026","CIB","17.48","18.48","22.5","18.48","?","0.0",1.0,1.0,1.0,?,"","","75",
"Sony PlayStation 5","Games","Owned","God of War Ragnarök [Launch Edition]","United States of America","Official","Sony Interactive Entertainment America","Sony Santa Monica Studio","Action, Adventure","Dec 20, 2025","CIB","23.63","24.4","38.86","24.4","0.0","0.0",1.0,1.0,1.0,?,"","","94",
"Sony PlayStation 5","Games","Owned","Godfall","United States of America","Official","Gearbox Software LLC","Counterplay Games Inc.","Action, RPG","Dec 30, 2025","CIB","7.74","9.97","12.5","9.97","0.0","0.0",1.0,1.0,1.0,?,"","","61",
"Sony PlayStation 5","Games","Owned","Harry Potter: Quidditch Champions [Deluxe Edition]","United States of America","Official","Warner Bros","Warner Bros","Sports","Jan 10, 2026","New","?","11.23","14.56","14.56","0.0","0.0",?,1.0,?,?,"","","66",
"Sony PlayStation 5","Games","Owned","Helldivers II","United States of America","Official","Sony Interactive Entertainment","Arrowhead Game Studios","Action, First-person shooter","Feb 14, 2026","CIB","18.07","19.94","21.46","19.94","?","0.0",1.0,1.0,1.0,?,"","","83",
"Sony PlayStation 5","Games","Owned","Hoa","United States of America","Official","PM Studios","Skrollcat Studios","Adventure, Platformer","Jun 28, 2026","CIB","20.36","21.35","24.83","21.35","0.0","0.0",1.0,1.0,1.0,?,"","","71",
"Sony PlayStation 5","Games","Owned","In Nightmare","United States of America","Official","Maximum Games","Magicfish Studio","Adventure, Platformer, Horror","Dec 30, 2025","CIB","12.34","12.75","17.98","12.75","0.0","0.0",1.0,1.0,1.0,?,"","","53",
"Sony PlayStation 5","Games","Owned","Judgment","United States of America","Official","Sega","Ryu ga Gotoku Studio","Action, Adventure","Apr 24, 2026","CIB","19.14","22.99","28.46","22.99","0.0","0.0",1.0,1.0,1.0,?,"","","83",
"Sony PlayStation 5","Games","Owned","Metaphor: ReFantazio","United States of America","Official","Atlus","Studio Zero","RPG","Feb 14, 2026","CIB","23.96","24.5","24.37","24.5","?","0.0",1.0,1.0,1.0,?,"","","94",
"Sony PlayStation 5","Games","Owned","Once Upon A Katamari","United States of America","Official","Missing Field","Bandai Namco Entertainment","Platformer","Dec 25, 2025","New","?","24.27","29.45","29.45","?","0.0",?,1.0,?,?,"","","Missing Field",
"Sony PlayStation 5","Systems","Owned","PlayStation 5 Slim Disc Edition Console 1TB [Fortnite Cobalt Star Bundle]","United States of America","Official","Missing Field","Missing Field","Missing Field","Jan 30, 2026","Loose","-1.0", "-1.0", "-1.0", "-1.0","0.0","0.0",1.0,?,?,?,"","","Missing Field",
"Sony PlayStation 5","Games","Owned","Ratchet & Clank: Rift Apart [Launch Edition]","United States of America","Official","Sony Interactive Entertainment","Insomniac Games","Action, First-person shooter, Platformer","Dec 20, 2025","CIB","18.16","19.75","32.41","19.75","0.0","0.0",1.0,1.0,1.0,?,"","","88",
"Sony PlayStation 5","Games","Owned","Resident Evil 2","United States of America","Official","Capcom","Capcom","Horror","Mar 24, 2026","CIB","16.09","20.48","21.18","20.48","0.0","0.0",1.0,1.0,1.0,?,"","","Missing Field",
"Sony PlayStation 5","Games","Owned","Resident Evil 3","United States of America","Official","Capcom","Capcom","Horror","Mar 24, 2026","CIB","15.89","20.48","20.5","20.48","0.0","0.0",1.0,1.0,1.0,?,"","","Missing Field",
"Sony PlayStation 5","Games","Owned","Resident Evil 4","United States of America","Official","Capcom","Capcom","Action, Horror","Apr 10, 2026","CIB","15.45","17.14","21.49","17.14","0.0","0.0",1.0,1.0,1.0,?,"","","93",
"Sony PlayStation 5","Games","Owned","Returnal","United States of America","Official","Sony Interactive Entertainment","Housemarque","Strategy, Horror, Third-person shooter, Roguelike","Mar 24, 2026","CIB","19.67","22.16","29.49","22.16","0.0","0.0",1.0,1.0,1.0,?,"","","86",
"Sony PlayStation 5","Games","Owned","South Park: Snow Day!","United States of America","Official","THQ Nordic","Question","Action, Adventure","Jan 10, 2026","New","9.07","9.16","13.89","13.89","0.0","0.0",?,1.0,?,?,"","","Missing Field",
"Sony PlayStation 5","Games","Owned","System Shock","United States of America","Official","Prime Matter","Night Dive Studios","Action, Adventure, First-person shooter, Horror","Apr 10, 2026","CIB","28.49","29.73","36.5","29.73","0.0","0.0",1.0,1.0,1.0,?,"","","Missing Field",
"Sony PlayStation 5","Games","Owned","Pathless","United States of America","Official","Annapurna Interactive","Giant Squid","Action, Adventure","Feb 14, 2026","CIB","11","11.77","16.05","11.77","?","0.0",1.0,1.0,1.0,?,"","","77",
"Sony PlayStation 5","Games","Owned","Tiny Tina's Wonderlands [Next-Level Edition]","United States of America","Official","2K","Gearbox","Action, RPG, First-person shooter","Apr 24, 2026","CIB","12.12","16.11","17.73","16.11","0.0","0.0",1.0,1.0,1.0,?,"","","76",
"Sony PlayStation 5","Games","Owned","Wo Long: Fallen Dynasty","United States of America","Official","Koei Tecmo","Team Ninja","Action, RPG","Apr 10, 2026","CIB","27.99","28.43","40.47","28.43","0.0","0.0",1.0,1.0,1.0,?,"","","81",
"Sony PlayStation 5","Games","Owned","Yonder: The Cloud Catcher Chronicles [Enhanced Edition]","United States of America","Official","Merge Games","Prideful Sloth","Action, Adventure","Dec 29, 2025","CIB","12.14","15.68","17.98","15.68","0.0","0.0",1.0,1.0,1.0,?,"","","Missing Field",
"Sony PlayStation 5","Games","Owned","Yooka-Re-Playlee","United States of America","Official","Playtonic Games, PM Studios","Playtonic Games","Platformer","Dec 25, 2025","CIB","?","34.99","38.04","34.99","?","0.0",1.0,1.0,1.0,?,"","","Missing Field",
"Nintendo DS","Games","Owned","Viva Piñata: Pocket Paradise","United States of America","Official","THQ","Rare, Ltd.","Life Sim, Sandbox","Jan 25, 2026","Loose","22.29","24.62","36.07","22.29","?","0.0",1.0,?,?,?,"","","82",
"Sega Game Gear","Games","Owned","NBA Jam Tournament Edition","United States of America","Official","Acclaim Entertainment, Inc.","Midway","Sports","Apr 26, 2026","Loose+","8.86","22.42","39.5","13.39","0.0","0.0",1.0,?,1.0,?,"","","Missing Field",
"Sega Game Gear","Games","Owned","Streets of Rage 2","United States of America","Official","Sega of America, Inc.","MNM Software, JSH","Action, Fighting","Apr 26, 2026","Loose","23.9","45.49","170.4","23.9","0.0","0.0",1.0,?,?,?,"","","Missing Field",
"Sega Game Gear","Games","Owned","Lion King","United States of America","Official","Sega of America, Inc.","Disney Software, Syrox Developments","Platformer","Apr 26, 2026","Loose+","5.13","10.47","24.81","10.46","0.0","0.0",1.0,?,1.0,?,"","","Missing Field",
"Sega Dreamcast","Games","Owned","Resident Evil Code: Veronica","United States of America","Official","Capcom","Capcom","Action, Adventure","May 11, 2026","CIB","40.5","71.54","200.49","71.54","0.0","0.0",1.0,1.0,1.0,?,"","","94",
"Sega Dreamcast","Systems","Owned","Sega Dreamcast Console","United States of America","Official","Sega","Sega","Missing Field","May 11, 2026","Loose","145.5","231.55","575.47","145.5","0.0","0.0",1.0,?,?,?,"","","Missing Field",
"Sega Saturn","Systems","Owned","Sega Saturn Console","United States of America","Official","Sega","Sega","Missing Field","May 19, 2026","Loose","172","340","442.99","172","0.0","0.0",1.0,?,?,?,"","","Missing Field",
"Sega Saturn","Games","Owned","Virtua Fighter 2","United States of America","Official","Sega","Sega","Fighting","May 19, 2026","Loose","13.27","30.47","111.45","13.27","0.0","0.0",0.8,?,?,?,"","","Missing Field",
"Sega Saturn","Games","Owned","Virtua Fighter Remix","United States of America","Official","Sega","Sega","Fighting","May 19, 2026","Loose","15.42","23.2","33.5","15.42","0.0","0.0",0.8,?,?,?,"","","Missing Field",